side,entry_time,exit_time,entry_price,exit_price,quantity,margin,leverage,gross_pnl,fees,net_pnl,result,exit_reason,signal_score,pattern_type,tp_price,sl_price,atr_at_entry,rsi_at_entry,htf_trend
short,1768949099999,1768949999999,126.17,126.069064,0.277404,3.5,10.0,0.028,0.028,0.0,win,breakeven,16,breakout,125.7763,126.0691,0.4921,36.98,down
long,1769008499999,1769009399999,130.14,130.796571,0.268941,3.5,10.0,0.176579,0.028,0.148579,win,take_profit,17,retest,130.7966,130.2441,0.8207,73.36,neutral
short,1769014799999,1769015699999,125.59,126.244857,0.282825,3.552,10.0,-0.18521,0.028416,-0.213626,loss,stop_loss,15,breakout,124.7169,126.2449,1.0914,41.39,neutral
long,1769023799999,1769024699999,129.47,130.379714,0.268574,3.4772,10.0,0.244326,0.027818,0.216508,win,take_profit,11,engulfing,130.3797,129.5736,1.1371,45.04,neutral
long,1769025599999,1769026499999,131.5,130.713571,0.270191,3.553,10.0,-0.212486,0.028424,-0.24091,loss,stop_loss,14,breakout,132.5486,130.7136,1.3107,62.89,neutral
long,1769084099999,1769085899999,130.38,130.167,0.266045,3.4687,10.0,-0.056668,0.02775,-0.084417,loss,stop_loss,11,trend_follow,130.664,130.167,0.355,68.98,neutral
short,1769092199999,1769093099999,129.04,128.682857,0.266518,3.4391,10.0,0.095185,0.027513,0.067672,win,take_profit,17,breakout,128.6829,128.9368,0.4464,33.33,down
short,1769093999999,1769094899999,127.91,127.66,0.270724,3.4628,10.0,0.067681,0.027703,0.039978,win,trailing_stop,20,breakout,127.494,127.8077,0.52,26.48,down
short,1769095799999,1769096699999,127.02,126.918384,0.273723,3.4768,10.0,0.027815,0.027815,0.0,win,breakeven,19,breakout,126.5377,126.9184,0.6029,20.35,down
short,1769098499999,1769099399999,127.24,127.138208,0.273249,3.4768,10.0,0.027815,0.027815,0.0,win,breakeven,14,ema_pullback,126.5891,127.1382,0.8136,26.38,down
short,1769102999999,1769104799999,127.76,128.305143,0.272137,3.4768,10.0,-0.148354,0.027815,-0.176168,loss,stop_loss,10,ema_pullback,127.0331,128.3051,0.9086,34.67,down
short,1769108399999,1769109299999,127.73,127.627816,0.267374,3.4152,10.0,0.027321,0.027321,-0.0,loss,breakeven,11,ema_pullback,127.0677,127.6278,0.8279,57.41,down
short,1769149799999,1769150699999,128.35,128.219821,0.190059,2.4394,10.0,0.024742,0.019515,0.005226,win,trailing_stop,8,engulfing,128.0626,128.2473,0.3593,53.1,neutral
short,1769151599999,1769152499999,127.5,127.747714,0.268,3.417,10.0,-0.066387,0.027336,-0.093723,loss,stop_loss,15,breakout,127.1697,127.7477,0.4129,33.24,neutral
short,1769158799999,1769160599999,127.11,127.008312,0.266241,3.3842,10.0,0.027074,0.027074,-0.0,loss,breakeven,15,trend_follow,126.7197,127.0083,0.4879,31.22,down
short,1769162399999,1769163299999,127.08,127.371429,0.266304,3.3842,10.0,-0.077609,0.027074,-0.104682,loss,stop_loss,12,trend_follow,126.6914,127.3714,0.4857,31.16,down
short,1769176799999,1769177699999,126.83,126.69625,0.26394,3.3476,10.0,0.035302,0.02678,0.008522,win,trailing_stop,18,breakout,126.618,126.7285,0.265,36.55,down
short,1769185799999,1769186699999,127.8,127.69776,0.187264,2.3932,10.0,0.019146,0.019146,-0.0,loss,breakeven,9,engulfing,127.2103,127.6978,0.7371,54.74,neutral
long,1769189399999,1769190299999,129.82,129.923856,0.258091,3.3505,10.0,0.026804,0.026804,0.0,win,breakeven,12,breakout,130.5726,129.9239,0.9407,67.09,neutral
short,1769239799999,1769240699999,127.23,127.084286,0.263345,3.3505,10.0,0.038373,0.026804,0.011569,win,take_profit,17,breakout,127.0843,127.1282,0.1821,29.01,neutral
short,1769269499999,1769270399999,126.96,126.802286,0.264224,3.3546,10.0,0.041672,0.026837,0.014835,win,take_profit,14,ema_pullback,126.8023,126.8584,0.1971,45.74,down
long,1769292899999,1769293799999,127.49,127.591992,0.188238,2.3998,10.0,0.019199,0.019199,-0.0,loss,breakeven,9,engulfing,127.602,127.592,0.14,54.76,neutral
long,1769295599999,1769296499999,127.64,127.742112,0.188016,2.3998,10.0,0.019199,0.019199,0.0,win,trailing_stop,8,trend_follow,127.7771,127.7421,0.1714,60.25,neutral
short,1769300999999,1769301899999,127.08,126.909714,0.264383,3.3598,10.0,0.045021,0.026878,0.018142,win,take_profit,10,breakout,126.9097,126.9783,0.2129,44.26,neutral
short,1769305499999,1769306399999,126.98,127.140286,0.265091,3.3661,10.0,-0.04249,0.026929,-0.069419,loss,stop_loss,15,trend_follow,126.7663,127.1403,0.2671,36.36,neutral
short,1769311799999,1769312699999,126.76,126.573143,0.263634,3.3418,10.0,0.049262,0.026735,0.022527,win,take_profit,13,breakout,126.5731,126.6586,0.2336,38.46,neutral
short,1769325299999,1769326199999,126.49,126.388808,0.26482,3.3497,10.0,0.026798,0.026798,-0.0,loss,trailing_stop,14,ema_pullback,126.2974,126.3888,0.2407,48.09,down
short,1769331599999,1769332499999,126.23,126.129016,0.265366,3.3497,10.0,0.026798,0.026798,-0.0,loss,breakeven,15,breakout,126.0277,126.129,0.2529,37.99,down
long,1769345999999,1769346899999,127.03,127.131624,0.188353,2.3927,10.0,0.019141,0.019141,0.0,win,breakeven,9,trend_follow,127.2546,127.1316,0.2807,60.83,neutral
short,1769350499999,1769351399999,126.57,126.353429,0.189038,2.3927,10.0,0.04094,0.019141,0.021799,win,take_profit,9,engulfing,126.3534,126.4687,0.2707,40.0,neutral
short,1769355899999,1769356799999,125.89,125.591143,0.266689,3.3573,10.0,0.079702,0.026859,0.052843,win,take_profit,14,ema_pullback,125.5911,125.7893,0.3736,34.92,down
short,1769365799999,1769366699999,121.5,120.850857,0.277847,3.3758,10.0,0.180362,0.027007,0.153356,win,take_profit,17,breakout,120.8509,121.4028,0.8114,18.34,down
short,1769373899999,1769374799999,117.92,117.825664,0.290834,3.4295,10.0,0.027436,0.027436,-0.0,loss,breakeven,14,trend_follow,116.9874,117.8257,1.1657,29.01,down
short,1769436899999,1769437799999,122.84,123.025143,0.199418,2.4497,10.0,-0.036921,0.019597,-0.056518,loss,stop_loss,7,engulfing,122.5931,123.0251,0.3086,57.09,neutral
long,1769438699999,1769439599999,123.62,123.783393,0.275824,3.4097,10.0,0.045068,0.027278,0.01779,win,trailing_stop,12,breakout,123.8971,123.7189,0.3464,66.11,neutral
long,1769440499999,1769441399999,124.91,125.079107,0.273474,3.416,10.0,0.046246,0.027328,0.018919,win,trailing_stop,14,breakout,125.2969,125.0099,0.4836,79.61,neutral
long,1769444099999,1769444999999,123.86,124.445143,0.197376,2.4447,10.0,0.115493,0.019558,0.095936,win,take_profit,8,trend_follow,124.4451,123.9591,0.7314,63.79,neutral
long,1769449499999,1769450399999,123.82,124.178393,0.199377,2.4687,10.0,0.071455,0.019749,0.051706,win,trailing_stop,9,trend_follow,124.5931,123.9191,0.9664,57.78,neutral
long,1769463899999,1769464799999,124.58,124.679664,0.199198,2.4816,10.0,0.019853,0.019853,0.0,win,breakeven,9,trend_follow,125.0371,124.6797,0.5714,52.77,neutral
long,1769481899999,1769482799999,124.91,125.021607,0.198672,2.4816,10.0,0.022173,0.019853,0.00232,win,trailing_stop,9,trend_follow,125.2249,125.0099,0.3936,61.29,neutral
long,1769487299999,1769488199999,124.9,124.658714,0.198734,2.4822,10.0,-0.047952,0.019858,-0.067809,loss,stop_loss,7,trend_follow,125.2217,124.6587,0.4021,65.05,neutral
short,1769505299999,1769506199999,123.64,123.541088,0.279144,3.4513,10.0,0.027611,0.027611,-0.0,loss,breakeven,17,breakout,123.3897,123.5411,0.3129,33.48,neutral
short,1769520599999,1769521499999,123.39,123.171714,0.279709,3.4513,10.0,0.061057,0.027611,0.033446,win,take_profit,15,trend_follow,123.1717,123.2913,0.2729,42.36,neutral
short,1769527799999,1769528699999,123.64,123.937429,0.280091,3.463,10.0,-0.083307,0.027704,-0.111011,loss,stop_loss,12,engulfing,123.2434,123.9374,0.4957,44.23,down
long,1769540399999,1769543099999,125.81,126.044821,0.272171,3.4242,10.0,0.063912,0.027393,0.036518,win,trailing_stop,13,trend_follow,126.5306,125.9106,0.9007,61.55,neutral
long,1769544899999,1769545799999,126.37,127.004857,0.271977,3.437,10.0,0.172666,0.027496,0.14517,win,take_profit,10,engulfing,127.0049,126.4711,0.7936,48.04,up
long,1769547599999,1769548499999,127.36,127.65625,0.273852,3.4878,10.0,0.081129,0.027902,0.053226,win,trailing_stop,16,breakout,127.948,127.4619,0.735,72.58,up
long,1769593499999,1769594399999,127.3,127.511964,0.275444,3.5064,10.0,0.058384,0.028051,0.030333,win,trailing_stop,10,engulfing,127.6137,127.4018,0.3921,53.82,up
long,1769600699999,1769601599999,127.55,127.884857,0.275737,3.517,10.0,0.092332,0.028136,0.064196,win,take_profit,10,ema_pullback,127.8849,127.652,0.4186,57.38,up
long,1769607899999,1769608799999,127.66,127.762128,0.277259,3.5395,10.0,0.028316,0.028316,-0.0,loss,breakeven,12,trend_follow,128.012,127.7621,0.44,48.49,up
short,1769613299999,1769614199999,125.83,125.6525,0.281292,3.5395,10.0,0.049929,0.028316,0.021613,win,trailing_stop,14,breakout,125.406,125.7293,0.53,28.71,neutral
short,1769615999999,1769616899999,126.07,125.83625,0.200969,2.5336,10.0,0.046976,0.020269,0.026708,win,trailing_stop,8,trend_follow,125.602,125.9691,0.585,29.84,neutral
short,1769651999999,1769652899999,124.33,124.230536,0.286045,3.5564,10.0,0.028451,0.028451,-0.0,loss,breakeven,12,trend_follow,124.0191,124.2305,0.3886,29.29,neutral
short,1769654699999,1769655599999,123.69,123.336286,0.287526,3.5564,10.0,0.101702,0.028451,0.073251,win,take_profit,19,breakout,123.3363,123.591,0.4421,24.12,down
short,1769657399999,1769658299999,122.87,122.771704,0.291531,3.582,10.0,0.028656,0.028656,0.0,win,breakeven,17,breakout,122.442,122.7717,0.535,18.04,down
short,1769686199999,1769687099999,122.8,123.011286,0.291697,3.582,10.0,-0.061631,0.028656,-0.090288,loss,stop_loss,17,ema_pullback,122.5183,123.0113,0.3521,33.45,down
short,1769690699999,1769691599999,122.68,122.581856,0.289407,3.5504,10.0,0.028404,0.028404,0.0,win,breakeven,13,ema_pullback,122.452,122.5819,0.285,37.13,down
short,1769697899999,1769698799999,121.27,120.973429,0.292772,3.5504,10.0,0.086828,0.028404,0.058424,win,take_profit,18,breakout,120.9734,121.173,0.3707,20.2,down
short,1769704199999,1769705099999,117.4,118.070714,0.304164,3.5709,10.0,-0.204007,0.028567,-0.232574,loss,stop_loss,14,engulfing,116.5057,118.0707,1.1179,23.62,down
short,1769708699999,1769709599999,118.49,118.017857,0.294496,3.4895,10.0,0.139044,0.027916,0.111128,win,trailing_stop,15,ema_pullback,117.4089,118.3952,1.3514,32.27,down
short,1769711399999,1769712299999,117.02,116.926384,0.30152,3.5284,10.0,0.028227,0.028227,-0.0,loss,breakeven,18,engulfing,115.9674,116.9264,1.3157,35.37,down
short,1769713199999,1769714999999,115.78,115.687376,0.304749,3.5284,10.0,0.028227,0.028227,0.0,win,breakeven,20,breakout,114.8617,115.6874,1.1479,34.96,down
long,1769794199999,1769795099999,117.53,116.848143,0.214437,2.5203,10.0,-0.146215,0.020162,-0.166377,loss,stop_loss,9,engulfing,118.4391,116.8481,1.1364,59.33,neutral
long,1769798699999,1769799599999,117.16,118.084,0.211564,2.4787,10.0,0.195485,0.019829,0.175655,win,take_profit,9,engulfing,118.084,117.2537,1.155,53.54,neutral
short,1769840999999,1769841899999,117.94,118.135429,0.213888,2.5226,10.0,-0.0418,0.020181,-0.061981,loss,stop_loss,7,engulfing,117.6794,118.1354,0.3257,42.86,neutral
short,1769845499999,1769847299999,117.33,117.016857,0.299151,3.5099,10.0,0.093677,0.028079,0.065597,win,take_profit,12,breakout,117.0169,117.2361,0.3914,29.83,neutral
short,1769865299999,1769866199999,114.95,114.745536,0.307342,3.5329,10.0,0.06284,0.028263,0.034577,win,trailing_stop,16,trend_follow,114.5483,114.858,0.5021,29.26,down
short,1769867099999,1769867999999,114.0,113.872857,0.310965,3.545,10.0,0.039537,0.02836,0.011177,win,trailing_stop,19,breakout,113.6389,113.9088,0.4514,24.35,down
short,1769887799999,1769888699999,102.66,102.577872,0.345696,3.5489,10.0,0.028391,0.028391,-0.0,loss,breakeven,12,trend_follow,100.7366,102.5779,2.4043,29.64,down
short,1769943599999,1769944499999,103.75,104.171714,0.342064,3.5489,10.0,-0.144253,0.028391,-0.172644,loss,stop_loss,17,breakout,103.1877,104.1717,0.7029,45.84,down
short,1769954399999,1769955299999,104.45,104.36644,0.333986,3.4885,10.0,0.027908,0.027908,0.0,win,breakeven,14,ema_pullback,103.814,104.3664,0.795,43.08,down
short,1769956199999,1769957099999,103.2,102.557714,0.338031,3.4885,10.0,0.217113,0.027908,0.189205,win,take_profit,19,breakout,102.5577,103.1174,0.8029,46.43,down
short,1769958899999,1769959799999,101.73,100.927714,0.349426,3.5547,10.0,0.280339,0.028438,0.251901,win,take_profit,17,breakout,100.9277,101.6486,1.0029,28.45,down
short,1769964299999,1769965199999,101.65,101.56868,0.358374,3.6429,10.0,0.029143,0.029143,0.0,win,breakeven,13,ema_pullback,100.5877,101.5687,1.3279,23.75,down
short,1769976899999,1769977799999,101.31,100.598571,0.359577,3.6429,10.0,0.255813,0.029143,0.22667,win,take_profit,16,ema_pullback,100.5986,101.229,0.8893,47.17,down
short,1769980499999,1769981399999,100.86,100.392857,0.369047,3.7222,10.0,0.172398,0.029778,0.14262,win,trailing_stop,13,ema_pullback,100.0189,100.7793,1.0514,46.22,down
short,1769983199999,1769984099999,100.85,101.473143,0.374033,3.7721,10.0,-0.233076,0.030177,-0.263253,loss,stop_loss,11,ema_pullback,100.0191,101.4731,1.0386,32.04,down
short,1769987699999,1769988599999,100.0,99.056571,0.367998,3.68,10.0,0.34718,0.02944,0.31774,win,take_profit,16,breakout,99.0566,99.92,1.1793,39.17,down
short,1769994899999,1769995799999,100.72,100.639424,0.376409,3.7912,10.0,0.03033,0.03033,-0.0,loss,breakeven,13,trend_follow,99.492,100.6394,1.535,47.24,down
short,1770002099999,1770002999999,99.07,97.988286,0.382678,3.7912,10.0,0.413949,0.03033,0.383619,win,take_profit,15,ema_pullback,97.9883,98.9907,1.3521,38.3,down
short,1770010199999,1770011099999,98.53,98.041607,0.398403,3.9255,10.0,0.194577,0.031404,0.163173,win,trailing_stop,15,ema_pullback,97.3409,98.4512,1.4864,38.13,down
long,1770043499999,1770044399999,104.37,104.659643,0.381582,3.9826,10.0,0.110522,0.031861,0.078662,win,trailing_stop,12,breakout,104.8511,104.4535,0.6014,65.65,neutral
long,1770045299999,1770046199999,104.78,105.370857,0.382716,4.0101,10.0,0.226131,0.032081,0.19405,win,take_profit,11,trend_follow,105.3709,104.8638,0.7386,67.21,neutral
short,1770086699999,1770087599999,103.15,102.698,0.395349,4.078,10.0,0.178698,0.032624,0.146073,win,take_profit,10,trend_follow,102.698,103.0675,0.565,28.46,neutral
long,1770107399999,1770109199999,104.87,104.531429,0.281242,2.9494,10.0,-0.095221,0.023595,-0.118816,loss,stop_loss,8,engulfing,105.3214,104.5314,0.5643,52.09,neutral
short,1770110099999,1770110999999,103.14,102.672571,0.396312,4.0876,10.0,0.185247,0.0327,0.152547,win,take_profit,15,trend_follow,102.6726,103.0575,0.5843,42.0,neutral
short,1770113699999,1770114599999,102.88,102.797696,0.402503,4.141,10.0,0.033128,0.033128,-0.0,loss,breakeven,15,trend_follow,102.3869,102.7977,0.6164,41.43,down
short,1770129899999,1770130799999,101.99,101.600286,0.406015,4.141,10.0,0.15823,0.033128,0.125102,win,take_profit,15,breakout,101.6003,101.9084,0.4871,30.11,neutral
short,1770136199999,1770137099999,100.36,100.279712,0.416973,4.1847,10.0,0.033478,0.033478,-0.0,loss,breakeven,20,breakout,99.5194,100.2797,1.0507,34.76,down
short,1770137999999,1770138899999,100.73,100.119464,0.415441,4.1847,10.0,0.253642,0.033478,0.220164,win,trailing_stop,15,trend_follow,99.8037,100.6494,1.1579,37.86,down
short,1770140699999,1770142499999,99.06,98.980752,0.430224,4.2618,10.0,0.034094,0.034094,0.0,win,breakeven,18,breakout,98.0829,98.9808,1.2214,32.52,down
short,1770143399999,1770144299999,97.9,97.82168,0.435321,4.2618,10.0,0.034094,0.034094,0.0,win,breakeven,21,retest,96.92,97.8217,1.225,36.25,down
short,1770145199999,1770146099999,96.84,97.547571,0.440086,4.2618,10.0,-0.311392,0.034094,-0.345487,loss,stop_loss,21,retest,95.8966,97.5476,1.1793,24.08,down
short,1770149699999,1770150599999,98.5,99.177143,0.420393,4.1409,10.0,-0.284666,0.033127,-0.317793,loss,stop_loss,14,trend_follow,97.5971,99.1771,1.1286,35.39,down
short,1770156899999,1770157799999,99.56,99.480352,0.404746,4.0296,10.0,0.032237,0.032237,0.0,win,breakeven,14,ema_pullback,98.6011,99.4804,1.1986,61.38,down
short,1770184799999,1770185699999,97.02,96.942384,0.415342,4.0296,10.0,0.032237,0.032237,0.0,win,breakeven,15,breakout,96.4686,96.9424,0.6893,38.1,down
short,1770196499999,1770197399999,97.33,96.997321,0.414019,4.0296,10.0,0.137735,0.032237,0.105498,win,trailing_stop,13,ema_pullback,96.7306,97.2521,0.7493,47.81,down
short,1770212699999,1770213599999,94.85,94.287143,0.428737,4.0666,10.0,0.241318,0.032533,0.208785,win,take_profit,16,ema_pullback,94.2871,94.7741,0.7036,28.63,down
short,1770226199999,1770227099999,90.59,90.517528,0.456965,4.1396,10.0,0.033117,0.033117,0.0,win,breakeven,15,breakout,89.4871,90.5175,1.3786,26.54,down
short,1770228899999,1770229799999,90.7,90.62744,0.456411,4.1396,10.0,0.033117,0.033117,-0.0,loss,breakeven,13,engulfing,89.5,90.6274,1.5,30.11,down
short,1770240599999,1770241499999,92.02,91.66,0.449864,4.1396,10.0,0.161951,0.033117,0.128834,win,trailing_stop,14,ema_pullback,91.156,91.9464,1.08,53.12,down
short,1770290999999,1770291899999,88.92,89.46,0.470618,4.1847,10.0,-0.254134,0.033478,-0.287612,loss,stop_loss,20,breakout,88.2,89.46,0.9,39.69,down
short,1770298199999,1770299999999,88.45,88.37924,0.461738,4.0841,10.0,0.032673,0.032673,0.0,win,breakeven,15,ema_pullback,87.5586,88.3792,1.1143,25.27,down
short,1770303599999,1770304499999,88.6,87.646286,0.460956,4.0841,10.0,0.439621,0.032673,0.406948,win,take_profit,13,engulfing,87.6463,88.5291,1.1921,47.79,down
short,1770307199999,1770308099999,84.61,84.084643,0.499528,4.2265,10.0,0.262431,0.033812,0.228619,win,trailing_stop,17,trend_follow,83.3471,84.5423,1.5786,28.19,down
short,1770311699999,1770312599999,84.08,82.596571,0.512193,4.3065,10.0,0.759802,0.034452,0.72535,win,take_profit,14,engulfing,82.5966,84.0127,1.8543,36.21,down
short,1770313499999,1770314399999,83.61,83.543112,0.545437,4.5604,10.0,0.036483,0.036483,0.0,win,breakeven,13,trend_follow,81.9511,83.5431,2.0736,31.36,down
short,1770316199999,1770317099999,82.01,81.944392,0.556078,4.5604,10.0,0.036483,0.036483,-0.0,loss,breakeven,18,breakout,80.3877,81.9444,2.0279,28.45,down
short,1770327899999,1770328799999,79.34,78.787679,0.574791,4.5604,10.0,0.31747,0.036483,0.280986,win,trailing_stop,13,engulfing,78.0354,79.2765,1.6307,33.55,down
long,1770389099999,1770389999999,84.35,84.976286,0.552311,4.6587,10.0,0.345904,0.03727,0.308634,win,take_profit,12,breakout,84.9763,84.4175,0.7829,77.97,neutral
long,1770394499999,1770395399999,85.14,85.973143,0.39991,3.4048,10.0,0.333182,0.027239,0.305943,win,take_profit,9,engulfing,85.9731,85.2081,1.0414,75.24,neutral
long,1770396299999,1770397199999,86.73,86.799384,0.561956,4.8738,10.0,0.038991,0.038991,-0.0,loss,breakeven,15,retest,87.6826,86.7994,1.1907,76.0,neutral
long,1770398999999,1770399899999,88.04,88.424464,0.553594,4.8738,10.0,0.212837,0.038991,0.173846,win,trailing_stop,14,breakout,88.9857,88.1104,1.1821,81.97,neutral
short,1770448499999,1770449399999,84.86,84.3,0.581509,4.9347,10.0,0.325645,0.039478,0.286168,win,take_profit,16,breakout,84.3,84.7921,0.7,23.82,neutral
long,1770539399999,1770540299999,87.91,88.199143,0.572727,5.0348,10.0,0.1656,0.040279,0.125321,win,take_profit,10,engulfing,88.1991,87.9803,0.3614,59.54,up
long,1770541199999,1770542099999,88.65,88.868571,0.572894,5.0787,10.0,0.125218,0.04063,0.084589,win,trailing_stop,15,retest,89.0386,88.7209,0.4857,72.37,up
long,1770555599999,1770556499999,88.17,88.240536,0.413837,3.6488,10.0,0.02919,0.02919,0.0,win,breakeven,9,ema_pullback,88.6626,88.2405,0.6157,47.57,up
long,1770557399999,1770558299999,88.66,88.302143,0.576169,5.1083,10.0,-0.206186,0.040867,-0.247053,loss,stop_loss,14,ema_pullback,89.1371,88.3021,0.5964,60.23,up
short,1770569099999,1770569999999,86.67,86.240286,0.579422,5.0218,10.0,0.248986,0.040175,0.208811,win,take_profit,12,engulfing,86.2403,86.6007,0.5371,35.67,neutral
short,1770597899999,1770598799999,86.62,86.550704,0.588193,5.0949,10.0,0.040759,0.040759,-0.0,loss,breakeven,12,ema_pullback,86.016,86.5507,0.755,44.49,down
short,1770601499999,1770602399999,86.25,86.181,0.590717,5.0949,10.0,0.040759,0.040759,0.0,win,breakeven,13,engulfing,85.5729,86.181,0.8464,44.77,down
short,1770617699999,1770618599999,86.66,86.255429,0.587922,5.0949,10.0,0.237856,0.040759,0.197097,win,take_profit,10,engulfing,86.2554,86.5907,0.5057,37.87,neutral
short,1770623099999,1770623999999,85.45,85.298393,0.60432,5.1639,10.0,0.091619,0.041311,0.050308,win,trailing_stop,18,breakout,85.1031,85.3816,0.4336,26.25,down
short,1770625799999,1770626699999,84.77,84.406571,0.611245,5.1815,10.0,0.222144,0.041452,0.180692,win,take_profit,18,breakout,84.4066,84.7022,0.4543,19.16,down
short,1770657299999,1770658199999,85.77,86.262857,0.43678,3.7463,10.0,-0.21527,0.02997,-0.24524,loss,stop_loss,6,engulfing,85.1129,86.2629,0.8214,64.25,neutral
long,1770659099999,1770659999999,87.87,87.940296,0.587109,5.1589,10.0,0.041271,0.041271,-0.0,loss,breakeven,14,breakout,88.566,87.9403,0.87,77.61,neutral
long,1770662699999,1770663599999,87.73,87.800184,0.420033,3.685,10.0,0.02948,0.02948,-0.0,loss,breakeven,7,trend_follow,88.4923,87.8002,0.9529,67.89,neutral
short,1770694199999,1770695099999,85.85,85.486,0.600924,5.1589,10.0,0.218736,0.041271,0.177465,win,take_profit,16,breakout,85.486,85.7813,0.455,35.89,neutral
short,1770704999999,1770705899999,85.44,85.208214,0.611077,5.221,10.0,0.141639,0.041768,0.099871,win,trailing_stop,13,trend_follow,85.0617,85.3716,0.4729,32.27,down
short,1770706799999,1770707699999,84.6,84.883286,0.621276,5.256,10.0,-0.175999,0.042048,-0.218047,loss,stop_loss,18,retest,84.2223,84.8833,0.4721,31.99,down
short,1770723899999,1770724799999,84.06,83.773714,0.616189,5.1797,10.0,0.176406,0.041437,0.134969,win,take_profit,14,breakout,83.7737,83.9928,0.3579,37.11,down
short,1770727499999,1770728399999,83.91,83.781429,0.62292,5.2269,10.0,0.08009,0.041815,0.038274,win,trailing_stop,13,ema_pullback,83.6174,83.8429,0.3657,25.13,down
short,1770734699999,1770735599999,83.67,83.296857,0.626308,5.2403,10.0,0.233702,0.041923,0.19178,win,take_profit,15,breakout,83.2969,83.6031,0.4664,40.45,down
short,1770749999999,1770750899999,82.94,82.873648,0.639913,5.3074,10.0,0.04246,0.04246,-0.0,loss,breakeven,17,breakout,82.4217,82.8736,0.6479,35.27,neutral
short,1770759899999,1770761699999,82.18,82.537,0.645831,5.3074,10.0,-0.230562,0.04246,-0.273021,loss,stop_loss,13,breakout,81.704,82.537,0.595,20.32,down
short,1770784199999,1770785099999,82.58,82.193143,0.631131,5.2119,10.0,0.244158,0.041695,0.202463,win,take_profit,14,trend_follow,82.1931,82.5139,0.4836,39.01,down
short,1770785999999,1770786899999,81.98,82.301429,0.644394,5.2827,10.0,-0.207127,0.042262,-0.249389,loss,stop_loss,17,retest,81.5514,82.3014,0.5357,35.19,down
short,1770790499999,1770791399999,80.93,80.715536,0.641969,5.1955,10.0,0.13768,0.041564,0.096116,win,trailing_stop,19,breakout,80.4963,80.8653,0.5421,19.32,down
short,1770792299999,1770793199999,81.16,80.870179,0.644295,5.2291,10.0,0.186731,0.041833,0.144898,win,trailing_stop,17,trend_follow,80.6474,81.0951,0.6407,29.77,down
short,1770806699999,1770807599999,80.66,80.504464,0.654576,5.2798,10.0,0.10181,0.042239,0.059571,win,trailing_stop,11,engulfing,80.3257,80.5955,0.4179,49.3,down
short,1770821999999,1770822899999,79.95,79.378,0.662997,5.3007,10.0,0.379234,0.042405,0.336829,win,take_profit,17,breakout,79.378,79.886,0.715,38.55,down
short,1770828299999,1770829199999,79.18,79.116656,0.684334,5.4186,10.0,0.043348,0.043348,0.0,win,breakeven,16,ema_pullback,78.292,79.1167,1.11,40.25,down
long,1770887699999,1770888599999,81.29,81.557429,0.666571,5.4186,10.0,0.17826,0.043348,0.134912,win,take_profit,13,breakout,81.5574,81.355,0.3343,64.31,neutral
long,1770893999999,1770894899999,82.19,81.944857,0.665017,5.4658,10.0,-0.163024,0.043726,-0.20675,loss,stop_loss,12,breakout,82.5169,81.9449,0.4086,74.29,neutral
long,1770895799999,1770896699999,82.15,82.21572,0.656532,5.3934,10.0,0.043147,0.043147,-0.0,loss,breakeven,10,trend_follow,82.5014,82.2157,0.4393,70.06,neutral
long,1770903899999,1770904799999,81.6,81.942286,0.472112,3.8524,10.0,0.161597,0.030819,0.130778,win,take_profit,9,engulfing,81.9423,81.6653,0.4279,50.0,neutral
short,1770905699999,1770906599999,81.37,81.304904,0.477465,3.8851,10.0,0.031081,0.031081,-0.0,loss,breakeven,7,engulfing,80.9934,81.3049,0.4707,46.45,neutral
short,1770907499999,1770908399999,81.14,81.075088,0.670345,5.4392,10.0,0.043513,0.043513,0.0,win,breakeven,10,engulfing,80.7651,81.0751,0.4686,40.79,neutral
long,1770910199999,1770911099999,81.37,81.435096,0.477465,3.8851,10.0,0.031081,0.031081,-0.0,loss,breakeven,8,engulfing,81.8186,81.4351,0.5607,43.69,neutral
short,1770912899999,1770913799999,79.02,78.456,0.68833,5.4392,10.0,0.388218,0.043513,0.344705,win,take_profit,18,breakout,78.456,78.9568,0.705,30.62,down
short,1770915599999,1770916499999,78.3,77.589714,0.710067,5.5598,10.0,0.504351,0.044479,0.459872,win,take_profit,18,trend_follow,77.5897,78.2374,0.8879,32.08,down
short,1770919199999,1770920999999,77.9,77.448929,0.734375,5.7208,10.0,0.331256,0.045766,0.285489,win,trailing_stop,15,engulfing,77.1354,77.8377,0.9557,24.64,down
short,1770926399999,1770927299999,77.62,77.31375,0.749898,5.8207,10.0,0.229656,0.046566,0.18309,win,trailing_stop,13,ema_pullback,76.904,77.5579,0.895,43.32,down
short,1770964199999,1770965099999,78.01,77.947592,0.754363,5.8848,10.0,0.047078,0.047078,0.0,win,breakeven,11,engulfing,77.7129,77.9476,0.3714,30.14,down
long,1770973199999,1770974099999,79.73,79.471571,0.738089,5.8848,10.0,-0.190743,0.047078,-0.237822,loss,stop_loss,13,breakout,80.0746,79.4716,0.4307,66.91,neutral
long,1770977699999,1770978599999,80.12,80.315179,0.724107,5.8015,10.0,0.14133,0.046412,0.094918,win,trailing_stop,14,breakout,80.4554,80.1841,0.4193,75.56,neutral
long,1770989399999,1770990299999,80.33,80.628286,0.518821,4.1677,10.0,0.154757,0.033342,0.121415,win,take_profit,7,engulfing,80.6283,80.3943,0.3729,59.83,neutral
long,1770992999999,1770993899999,80.59,80.934571,0.520914,4.198,10.0,0.179492,0.033584,0.145908,win,take_profit,8,engulfing,80.9346,80.6545,0.4307,53.65,neutral
long,1770995699999,1770996599999,82.32,82.764571,0.720157,5.9283,10.0,0.320161,0.047427,0.272735,win,take_profit,16,breakout,82.7646,82.3859,0.5557,73.72,neutral
long,1771008299999,1771009199999,85.18,85.248144,0.707184,6.0238,10.0,0.04819,0.04819,0.0,win,breakeven,14,breakout,85.8366,85.2481,0.8207,80.95,up
long,1771014599999,1771015499999,84.54,84.607632,0.508955,4.3027,10.0,0.034422,0.034422,0.0,win,breakeven,7,ema_pullback,84.9509,84.6076,0.5136,55.59,up
long,1771029899999,1771030799999,84.96,85.027968,0.709015,6.0238,10.0,0.04819,0.04819,-0.0,loss,breakeven,11,ema_pullback,85.1869,85.028,0.2836,47.09,up
long,1771055999999,1771056899999,85.19,85.360286,0.505072,4.3027,10.0,0.086007,0.034422,0.051585,win,take_profit,9,ema_pullback,85.3603,85.2582,0.2129,56.72,up
long,1771058699999,1771059599999,86.06,86.290286,0.70205,6.0418,10.0,0.161672,0.048335,0.113337,win,take_profit,15,engulfing,86.2903,86.1288,0.2879,76.67,up
long,1771067699999,1771068599999,86.64,86.934857,0.701929,6.0815,10.0,0.206969,0.048652,0.158317,win,take_profit,15,breakout,86.9349,86.7093,0.3686,78.29,up
long,1771070399999,1771072199999,87.29,87.047429,0.70305,6.1369,10.0,-0.17054,0.049095,-0.219635,loss,stop_loss,19,breakout,87.6134,87.0474,0.4043,81.75,up
long,1771074899999,1771075799999,86.75,86.520286,0.698565,6.0601,10.0,-0.16047,0.04848,-0.208951,loss,stop_loss,13,ema_pullback,87.0563,86.5203,0.3829,63.07,up
long,1771078499999,1771079399999,86.8,86.86944,0.689737,5.9869,10.0,0.047895,0.047895,0.0,win,breakeven,15,ema_pullback,87.1829,86.8694,0.4786,61.92,up
long,1771080299999,1771081199999,87.02,87.434857,0.687993,5.9869,10.0,0.285419,0.047895,0.237524,win,take_profit,15,engulfing,87.4349,87.0896,0.5186,55.43,up
long,1771109099999,1771109999999,88.6,88.67088,0.685107,6.0701,10.0,0.04856,0.04856,0.0,win,breakeven,14,breakout,88.9086,88.6709,0.3857,62.81,up
long,1771127999999,1771128899999,88.61,89.023714,0.68503,6.0701,10.0,0.283407,0.04856,0.234846,win,take_profit,13,engulfing,89.0237,88.6809,0.5171,55.63,up
long,1771134299999,1771135199999,89.75,89.8218,0.685487,6.1522,10.0,0.049218,0.049218,-0.0,loss,breakeven,18,trend_follow,90.2671,89.8218,0.6464,64.68,up
long,1771141499999,1771142399999,90.47,90.759821,0.680032,6.1522,10.0,0.197088,0.049218,0.14787,win,trailing_stop,16,breakout,90.9506,90.5424,0.6007,63.05,up
long,1771146899999,1771147799999,90.29,90.362232,0.68712,6.204,10.0,0.049632,0.049632,-0.0,loss,breakeven,13,ema_pullback,90.7877,90.3622,0.6221,57.3,up
short,1771163099999,1771163999999,87.39,86.914,0.709921,6.204,10.0,0.337923,0.049632,0.288291,win,take_profit,10,trend_follow,86.914,87.3201,0.595,29.32,neutral
short,1771178399999,1771179299999,86.42,86.070286,0.729565,6.3049,10.0,0.255139,0.050439,0.2047,win,take_profit,12,breakout,86.0703,86.3509,0.4371,36.08,neutral
short,1771205399999,1771206299999,85.98,85.569143,0.529737,4.5547,10.0,0.217646,0.036437,0.181209,win,take_profit,7,engulfing,85.5691,85.9112,0.5136,46.99,neutral
short,1771208999999,1771210799999,85.72,85.268571,0.75128,6.44,10.0,0.339149,0.05152,0.28763,win,take_profit,11,engulfing,85.2686,85.6514,0.5643,42.38,neutral
short,1771212599999,1771214399999,84.9,85.202143,0.770394,6.5406,10.0,-0.232769,0.052325,-0.285094,loss,stop_loss,16,breakout,84.4971,85.2021,0.5036,31.79,neutral
short,1771252199999,1771253099999,83.68,84.122286,0.769701,6.4409,10.0,-0.340428,0.051527,-0.391955,loss,stop_loss,17,breakout,83.0903,84.1223,0.7371,29.26,down
short,1771256699999,1771258499999,83.0,83.466714,0.759479,6.3037,10.0,-0.35446,0.050429,-0.404889,loss,stop_loss,17,breakout,82.3777,83.4667,0.7779,26.54,down
short,1771324199999,1771325099999,85.1,85.03192,0.724085,6.162,10.0,0.049296,0.049296,-0.0,loss,breakeven,15,breakout,84.8297,85.0319,0.3379,25.18,neutral
short,1771332299999,1771333199999,85.16,84.879429,0.723575,6.162,10.0,0.203014,0.049296,0.153719,win,take_profit,11,ema_pullback,84.8794,85.0919,0.3507,32.11,down
short,1771348499999,1771350299999,83.63,83.563096,0.743246,6.2158,10.0,0.049726,0.049726,-0.0,loss,breakeven,14,ema_pullback,82.9889,83.5631,0.8014,37.8,down
long,1771355699999,1771356599999,85.59,85.658472,0.726226,6.2158,10.0,0.049726,0.049726,-0.0,loss,breakeven,11,breakout,86.2214,85.6585,0.7893,65.94,neutral
long,1771373699999,1771374599999,85.39,85.190286,0.519948,4.4398,10.0,-0.103841,0.035519,-0.13936,loss,stop_loss,9,trend_follow,85.6563,85.1903,0.3329,55.71,neutral
short,1771378199999,1771379099999,84.17,84.005357,0.732683,6.167,10.0,0.120631,0.049336,0.071295,win,trailing_stop,13,retest,83.8969,84.1027,0.3414,28.92,neutral
long,1771403399999,1771404299999,85.7,85.528571,0.722514,6.1919,10.0,-0.12386,0.049536,-0.173395,loss,stop_loss,14,breakout,85.9286,85.5286,0.2857,65.91,neutral
long,1771406099999,1771408799999,85.69,85.495,0.511083,4.3795,10.0,-0.099661,0.035036,-0.134697,loss,stop_loss,9,trend_follow,85.95,85.495,0.325,70.77,neutral
short,1771412399999,1771413299999,84.26,83.986857,0.722064,6.0841,10.0,0.197227,0.048673,0.148554,win,take_profit,16,retest,83.9869,84.1926,0.3414,39.42,neutral
short,1771415099999,1771415999999,83.34,83.017143,0.736274,6.1361,10.0,0.237711,0.049089,0.188622,win,take_profit,17,engulfing,83.0171,83.2733,0.4036,19.03,down
short,1771424999999,1771425899999,82.25,82.550429,0.754058,6.2021,10.0,-0.22654,0.049617,-0.276157,loss,stop_loss,18,breakout,81.8494,82.5504,0.5007,23.06,down
short,1771431299999,1771432199999,82.25,82.1842,0.742306,6.1055,10.0,0.048844,0.048844,-0.0,loss,breakeven,16,ema_pullback,81.758,82.1842,0.615,41.38,down
short,1771439399999,1771440299999,81.74,81.263429,0.746938,6.1055,10.0,0.355969,0.048844,0.307125,win,take_profit,14,engulfing,81.2634,81.6746,0.5957,39.75,down
short,1771502399999,1771503299999,81.24,80.938286,0.764766,6.213,10.0,0.230741,0.049704,0.181037,win,take_profit,12,trend_follow,80.9383,81.175,0.3771,35.21,down
short,1771505099999,1771505999999,81.04,80.741714,0.774473,6.2763,10.0,0.231014,0.050211,0.180803,win,take_profit,15,trend_follow,80.7417,80.9752,0.3729,36.0,down
short,1771507799999,1771508699999,80.26,79.937143,0.789884,6.3396,10.0,0.25502,0.050717,0.204303,win,take_profit,21,retest,79.9371,80.1958,0.4036,31.08,down
short,1771514099999,1771514999999,80.19,80.125848,0.79949,6.4111,10.0,0.051289,0.051289,0.0,win,breakeven,15,trend_follow,79.7734,80.1258,0.5207,31.11,down
short,1771528499999,1771529399999,81.75,81.6846,0.560167,4.5794,10.0,0.036635,0.036635,-0.0,loss,breakeven,6,engulfing,81.1951,81.6846,0.6936,63.34,neutral
long,1771551899999,1771552799999,83.1,82.865571,0.551067,4.5794,10.0,-0.129186,0.036635,-0.165821,loss,stop_loss,9,trend_follow,83.4126,82.8656,0.3907,62.78,neutral
long,1771558199999,1771559099999,83.21,83.276568,0.763499,6.3531,10.0,0.050825,0.050825,0.0,win,breakeven,10,trend_follow,83.5157,83.2766,0.3821,60.92,neutral
long,1771569899999,1771570799999,83.45,83.641071,0.543788,4.5379,10.0,0.103902,0.036303,0.067599,win,trailing_stop,9,trend_follow,83.7666,83.5168,0.3957,57.98,neutral
long,1771572599999,1771574399999,83.79,83.552571,0.761038,6.3767,10.0,-0.180692,0.051014,-0.231706,loss,stop_loss,10,trend_follow,84.1066,83.5526,0.3957,61.9,neutral
long,1771578899999,1771579799999,84.29,84.405893,0.746902,6.2956,10.0,0.086561,0.050365,0.036196,win,trailing_stop,16,breakout,84.5911,84.3574,0.3764,63.42,up
long,1771582499999,1771583399999,84.45,84.573929,0.746987,6.3083,10.0,0.092573,0.050466,0.042107,win,trailing_stop,11,engulfing,84.7254,84.5176,0.3443,69.08,up
long,1771586999999,1771587899999,84.11,84.177288,0.751759,6.323,10.0,0.050584,0.050584,0.0,win,breakeven,10,ema_pullback,84.4203,84.1773,0.3879,61.32,up
long,1771603199999,1771604099999,84.38,84.766964,0.749353,6.323,10.0,0.289973,0.050584,0.239389,win,trailing_stop,11,engulfing,84.9977,84.4475,0.7721,56.68,neutral
long,1771609499999,1771610399999,83.9,84.597143,0.763627,6.4068,10.0,0.532357,0.051255,0.481102,win,take_profit,13,trend_follow,84.5971,83.9671,0.8714,61.92,up
long,1771613099999,1771613999999,85.05,85.11804,0.7731,6.5752,10.0,0.052602,0.052602,-0.0,loss,breakeven,18,breakout,85.7934,85.118,0.9293,62.86,up
long,1771666199999,1771667099999,85.09,85.158072,0.772737,6.5752,10.0,0.052602,0.052602,0.0,win,breakeven,17,breakout,85.2603,85.1581,0.2129,65.17,up
long,1771678799999,1771679699999,85.32,85.388256,0.770653,6.5752,10.0,0.052602,0.052602,0.0,win,breakeven,13,ema_pullback,85.5331,85.3883,0.2664,57.06,up
long,1771680599999,1771681499999,85.42,85.488336,0.769751,6.5752,10.0,0.052602,0.052602,0.0,win,breakeven,14,ema_pullback,85.6171,85.4883,0.2464,66.45,up
long,1771682399999,1771683299999,85.85,85.695714,0.765896,6.5752,10.0,-0.118167,0.052602,-0.170768,loss,stop_loss,17,breakout,86.0557,85.6957,0.2571,69.0,up
long,1771685099999,1771685999999,86.38,86.513036,0.754277,6.5154,10.0,0.100346,0.052124,0.048222,win,trailing_stop,17,trend_follow,86.6583,86.4491,0.3479,67.11,up
long,1771686899999,1771687799999,86.58,86.380714,0.754484,6.5323,10.0,-0.150358,0.052259,-0.202617,loss,stop_loss,16,engulfing,86.8457,86.3807,0.3321,75.21,up
long,1771692299999,1771694099999,86.28,86.029714,0.748888,6.4614,10.0,-0.187436,0.051691,-0.239127,loss,stop_loss,12,trend_follow,86.6137,86.0297,0.4171,65.27,up
short,1771720199999,1771721099999,84.9,84.83208,0.751203,6.3777,10.0,0.051022,0.051022,0.0,win,breakeven,13,trend_follow,84.7046,84.8321,0.2443,32.94,neutral
short,1771727399999,1771728299999,85.04,84.925893,0.749966,6.3777,10.0,0.085577,0.051022,0.034555,win,trailing_stop,10,engulfing,84.8291,84.972,0.2636,40.37,neutral
short,1771730999999,1771731899999,84.88,84.812096,0.537718,4.5641,10.0,0.036513,0.036513,-0.0,loss,breakeven,9,engulfing,84.6663,84.8121,0.2671,42.71,neutral
short,1771747199999,1771748099999,85.24,85.137857,0.535447,4.5641,10.0,0.054692,0.036513,0.018179,win,trailing_stop,7,engulfing,85.0869,85.1718,0.1914,58.46,neutral
short,1771762499999,1771763399999,84.91,84.774571,0.753288,6.3962,10.0,0.102017,0.051169,0.050847,win,take_profit,11,engulfing,84.7746,84.8421,0.1693,46.15,neutral
short,1771764299999,1771765199999,84.39,84.322488,0.760039,6.414,10.0,0.051312,0.051312,-0.0,loss,breakeven,13,breakout,84.2271,84.3225,0.2036,31.46,neutral
short,1771767899999,1771768799999,83.83,83.762936,0.765116,6.414,10.0,0.051312,0.051312,0.0,win,breakeven,18,breakout,83.6111,83.7629,0.2736,19.46,neutral
short,1771782299999,1771783199999,82.86,83.049,0.774073,6.414,10.0,-0.1463,0.051312,-0.197611,loss,stop_loss,17,breakout,82.608,83.049,0.315,27.31,down
short,1771802999999,1771803899999,82.73,82.482,0.766929,6.3448,10.0,0.190198,0.050758,0.13944,win,take_profit,16,breakout,82.482,82.6638,0.31,38.91,down
short,1771806599999,1771807499999,82.24,81.946286,0.777433,6.3936,10.0,0.228343,0.051149,0.177194,win,take_profit,16,breakout,81.9463,82.1742,0.3671,36.52,down
short,1771808399999,1771809299999,81.37,81.047714,0.793367,6.4556,10.0,0.255691,0.051645,0.204046,win,take_profit,20,retest,81.0477,81.3049,0.4029,26.32,down
long,1771854299999,1771855199999,81.04,81.104832,0.80541,6.527,10.0,0.052216,0.052216,-0.0,loss,breakeven,14,breakout,81.3326,81.1048,0.3657,69.81,neutral
short,1771867799999,1771868699999,78.25,77.698571,0.834127,6.527,10.0,0.459961,0.052216,0.407745,win,take_profit,17,retest,77.6986,78.1874,0.6893,25.16,down
short,1771874999999,1771875899999,78.33,78.267336,0.851494,6.6698,10.0,0.053358,0.053358,-0.0,loss,breakeven,14,ema_pullback,77.7894,78.2673,0.6757,40.33,down
short,1771895699999,1771896599999,77.47,77.180857,0.860946,6.6698,10.0,0.248937,0.053358,0.195578,win,take_profit,16,breakout,77.1809,77.408,0.3614,37.6,down
short,1771902899999,1771903799999,77.04,76.978368,0.874637,6.7382,10.0,0.053906,0.053906,0.0,win,breakeven,15,ema_pullback,76.5314,76.9784,0.6357,39.84,down
short,1771906499999,1771907399999,76.22,76.630571,0.884047,6.7382,10.0,-0.362964,0.053906,-0.41687,loss,stop_loss,13,engulfing,75.6726,76.6306,0.6843,22.44,down
short,1771910999999,1771911899999,76.53,76.468776,0.861401,6.5923,10.0,0.052738,0.052738,-0.0,loss,breakeven,13,ema_pullback,76.0837,76.4688,0.5579,36.1,down
short,1771942499999,1771943399999,76.43,76.245714,0.862528,6.5923,10.0,0.158952,0.052738,0.106213,win,trailing_stop,11,trend_follow,76.1557,76.3689,0.3429,47.25,down
long,1771949699999,1771950599999,77.94,78.002352,0.850587,6.6295,10.0,0.053036,0.053036,0.0,win,breakeven,12,breakout,78.3514,78.0024,0.5143,71.67,neutral
long,1771953299999,1771955099999,78.43,78.064,0.845273,6.6295,10.0,-0.30937,0.053036,-0.362406,loss,stop_loss,12,breakout,78.918,78.064,0.61,80.5,neutral
long,1771964099999,1771964999999,78.57,78.726786,0.591159,4.6447,10.0,0.092685,0.037158,0.055527,win,trailing_stop,9,breakout,78.9323,78.6329,0.4529,63.97,neutral
long,1771971299999,1771972199999,79.26,79.042286,0.82287,6.5221,10.0,-0.179151,0.052177,-0.231327,loss,stop_loss,12,breakout,79.5503,79.0423,0.3629,70.92,neutral
long,1771975799999,1771976699999,79.44,79.503552,0.810814,6.4411,10.0,0.051529,0.051529,0.0,win,breakeven,13,breakout,79.7617,79.5036,0.4021,68.4,neutral
long,1771982099999,1771982999999,81.37,81.701429,0.791582,6.4411,10.0,0.262353,0.051529,0.210824,win,take_profit,13,breakout,81.7014,81.4351,0.4143,78.46,neutral
long,1771985699999,1771987499999,82.71,82.311,0.787679,6.5149,10.0,-0.314284,0.052119,-0.366403,loss,stop_loss,16,breakout,83.242,82.311,0.665,81.62,neutral
long,1772022599999,1772023499999,83.33,83.425714,0.766429,6.3866,10.0,0.073358,0.051093,0.022265,win,trailing_stop,12,trend_follow,83.5997,83.3967,0.3371,65.34,up
long,1772027099999,1772027999999,84.02,84.358857,0.761062,6.3944,10.0,0.257891,0.051156,0.206736,win,take_profit,15,trend_follow,84.3589,84.0872,0.4236,70.37,up
long,1772052299999,1772053199999,89.78,89.972857,0.720294,6.4668,10.0,0.138914,0.051734,0.087179,win,trailing_stop,13,engulfing,90.2829,89.8518,0.6286,72.39,up
long,1772055899999,1772056799999,90.48,90.122571,0.718094,6.4973,10.0,-0.256667,0.051979,-0.308646,loss,stop_loss,18,breakout,90.9566,90.1226,0.5957,74.33,up
long,1772057699999,1772058599999,90.34,89.899,0.707249,6.3893,10.0,-0.311897,0.051114,-0.363011,loss,stop_loss,15,trend_follow,90.928,89.899,0.735,64.19,up
long,1772097299999,1772098199999,88.37,88.144143,0.708638,6.2622,10.0,-0.160051,0.050098,-0.210149,loss,stop_loss,10,engulfing,88.6711,88.1441,0.3764,59.63,up
short,1772118899999,1772119799999,86.57,86.166571,0.714876,6.1887,10.0,0.288401,0.049509,0.238892,win,take_profit,10,breakout,86.1666,86.5007,0.5043,44.37,neutral
short,1772122499999,1772123399999,86.23,86.650429,0.519565,4.4802,10.0,-0.21844,0.035842,-0.254282,loss,stop_loss,9,engulfing,85.6694,86.6504,0.7007,34.8,neutral
short,1772124299999,1772125199999,85.52,84.930286,0.723023,6.1833,10.0,0.426377,0.049466,0.376911,win,take_profit,11,engulfing,84.9303,85.4516,0.7371,29.04,neutral
long,1772133299999,1772134199999,85.95,86.175536,0.524825,4.5109,10.0,0.118367,0.036087,0.08228,win,trailing_stop,9,engulfing,86.5403,86.0188,0.7379,45.14,neutral
long,1772164799999,1772165699999,87.63,87.996857,0.723954,6.344,10.0,0.265588,0.050752,0.214836,win,take_profit,17,retest,87.9969,87.7001,0.4586,73.76,up
long,1772179199999,1772180099999,87.31,87.604286,0.73522,6.4192,10.0,0.216365,0.051354,0.165011,win,take_profit,12,engulfing,87.6043,87.3798,0.3679,36.86,up
short,1772187299999,1772188199999,85.43,85.225179,0.75816,6.477,10.0,0.155287,0.051816,0.103472,win,trailing_stop,15,retest,85.0934,85.3617,0.4207,24.53,neutral
short,1772189999999,1772191799999,84.71,84.308286,0.768879,6.5132,10.0,0.30887,0.052105,0.256764,win,take_profit,15,breakout,84.3083,84.6422,0.5021,23.04,neutral
short,1772202599999,1772203499999,82.68,82.613856,0.798626,6.603,10.0,0.052824,0.052824,-0.0,loss,breakeven,12,engulfing,82.192,82.6139,0.61,24.81,neutral
short,1772208899999,1772210699999,82.12,81.630857,0.804072,6.603,10.0,0.393306,0.052824,0.340482,win,take_profit,16,trend_follow,81.6309,82.0543,0.6114,38.79,down
short,1772211599999,1772212499999,81.37,81.745,0.826129,6.7222,10.0,-0.309798,0.053778,-0.363576,loss,stop_loss,19,retest,80.87,81.745,0.625,29.61,down
short,1772216099999,1772216999999,81.63,81.564696,0.807909,6.595,10.0,0.05276,0.05276,-0.0,loss,breakeven,11,trend_follow,81.1797,81.5647,0.5629,35.91,down
short,1772266499999,1772267399999,78.35,78.28732,0.84173,6.595,10.0,0.05276,0.05276,0.0,win,breakeven,15,trend_follow,77.6334,78.2873,0.8957,29.98,down
short,1772269199999,1772270099999,78.02,77.957584,0.845291,6.595,10.0,0.05276,0.05276,-0.0,loss,breakeven,14,trend_follow,77.2691,77.9576,0.9386,28.4,down
short,1772285399999,1772286299999,78.9,78.83688,0.597045,4.7107,10.0,0.037685,0.037685,-0.0,loss,breakeven,9,ema_pullback,78.5486,78.8369,0.4393,57.74,down
long,1772304299999,1772305199999,82.12,82.572571,0.803088,6.595,10.0,0.363455,0.05276,0.310695,win,take_profit,11,breakout,82.5726,82.1857,0.5657,79.19,neutral
long,1772307899999,1772308799999,82.22,82.416071,0.582384,4.7884,10.0,0.114189,0.038307,0.075882,win,trailing_stop,7,engulfing,82.6806,82.2858,0.5757,64.1,neutral
long,1772310599999,1772311499999,83.41,83.934,0.806889,6.7303,10.0,0.42281,0.053842,0.368968,win,take_profit,12,breakout,83.934,83.4767,0.655,71.99,neutral
long,1772312399999,1772313299999,84.88,84.426143,0.808129,6.8594,10.0,-0.366775,0.054875,-0.42165,loss,stop_loss,16,retest,85.4851,84.4261,0.7564,78.21,neutral
long,1772329499999,1772330399999,85.27,85.696857,0.787126,6.7118,10.0,0.33599,0.053695,0.282296,win,take_profit,11,trend_follow,85.6969,85.3382,0.5336,59.59,neutral
short,1772386199999,1772387999999,83.68,84.184429,0.813889,6.8106,10.0,-0.410549,0.054485,-0.465034,loss,stop_loss,12,breakout,83.0074,84.1844,0.8407,30.13,neutral
short,1772396099999,1772396999999,82.47,82.404024,0.806095,6.6479,10.0,0.053183,0.053183,0.0,win,breakeven,16,breakout,81.942,82.404,0.66,21.36,neutral
short,1772397899999,1772399699999,81.88,82.228,0.811903,6.6479,10.0,-0.282542,0.053183,-0.335725,loss,stop_loss,18,retest,81.416,82.228,0.58,24.42,neutral
long,1772414099999,1772414999999,85.83,85.400571,0.760848,6.5304,10.0,-0.32673,0.052243,-0.378973,loss,stop_loss,15,breakout,86.4026,85.4006,0.7157,80.75,up
long,1772421299999,1772422199999,84.49,84.811071,0.540869,4.5698,10.0,0.173657,0.036558,0.137099,win,trailing_stop,9,trend_follow,85.0626,84.5576,0.7157,57.47,neutral
short,1772432999999,1772433899999,83.39,83.268214,0.552113,4.6041,10.0,0.06724,0.036833,0.030407,win,trailing_stop,8,breakout,83.0117,83.3233,0.4729,39.2,neutral
short,1772440199999,1772441099999,82.53,82.852286,0.782303,6.4563,10.0,-0.252125,0.051651,-0.303776,loss,stop_loss,14,engulfing,82.1003,82.8523,0.5371,29.27,down
short,1772526599999,1772527499999,84.97,84.592286,0.747325,6.35,10.0,0.282275,0.0508,0.231475,win,take_profit,13,retest,84.5923,84.902,0.4721,35.03,neutral
short,1772530199999,1772531099999,84.37,84.145714,0.762242,6.431,10.0,0.17096,0.051448,0.119512,win,trailing_stop,10,trend_follow,83.9677,84.3025,0.5029,29.75,neutral
short,1772532899999,1772533799999,83.9,83.83288,0.771498,6.4729,10.0,0.051783,0.051783,0.0,win,breakeven,12,breakout,83.4686,83.8329,0.5393,27.08,neutral
short,1772535599999,1772536499999,83.92,84.249143,0.771314,6.4729,10.0,-0.253873,0.051783,-0.305656,loss,stop_loss,12,engulfing,83.4811,84.2491,0.5486,23.99,neutral
short,1772545499999,1772546399999,83.51,83.335536,0.762291,6.3659,10.0,0.132992,0.050927,0.082065,win,trailing_stop,11,engulfing,83.0443,83.4432,0.5821,45.14,neutral
short,1772549099999,1772549999999,82.98,82.517143,0.770621,6.3946,10.0,0.356687,0.051157,0.30553,win,take_profit,16,breakout,82.5171,82.9136,0.5786,37.67,down
long,1772554499999,1772555399999,86.31,86.954571,0.753279,6.5015,10.0,0.485542,0.052012,0.433529,win,take_profit,13,breakout,86.9546,86.379,0.8057,64.36,neutral
long,1772562599999,1772563499999,85.42,85.739286,0.778891,6.6533,10.0,0.248689,0.053226,0.195462,win,trailing_stop,11,trend_follow,86.3183,85.4883,1.1229,61.95,neutral
long,1772579699999,1772580599999,87.09,87.159672,0.77181,6.7217,10.0,0.053774,0.053774,-0.0,loss,breakeven,17,breakout,87.5791,87.1597,0.6114,66.47,up
long,1772588699999,1772589599999,87.68,87.260857,0.766617,6.7217,10.0,-0.321322,0.053774,-0.375095,loss,stop_loss,16,breakout,88.2389,87.2609,0.6986,71.34,up
short,1772604899999,1772605799999,85.17,85.101864,0.773795,6.5904,10.0,0.052723,0.052723,-0.0,loss,breakeven,10,trend_follow,84.6689,85.1019,0.6264,32.47,neutral
long,1772613899999,1772614799999,87.94,88.435429,0.749421,6.5904,10.0,0.371285,0.052723,0.318561,win,take_profit,16,breakout,88.4354,88.0104,0.6193,73.64,up
long,1772636399999,1772637299999,90.19,90.751143,0.743088,6.7019,10.0,0.416978,0.053615,0.363363,win,take_profit,13,ema_pullback,90.7511,90.2622,0.7014,50.91,up
long,1772638199999,1772639099999,92.62,92.694096,0.737323,6.8291,10.0,0.054633,0.054633,-0.0,loss,breakeven,18,breakout,93.2091,92.6941,0.7364,74.74,up
long,1772653499999,1772654399999,93.81,93.351429,0.72797,6.8291,10.0,-0.333826,0.054633,-0.388459,loss,stop_loss,18,breakout,94.4214,93.3514,0.7643,73.32,up
long,1772700299999,1772701199999,90.35,90.590893,0.529143,4.7808,10.0,0.127467,0.038246,0.08922,win,trailing_stop,6,engulfing,90.7311,90.4223,0.4764,46.39,neutral
long,1772706599999,1772707499999,92.23,92.679714,0.729085,6.7244,10.0,0.32788,0.053795,0.274085,win,take_profit,16,breakout,92.6797,92.3038,0.5621,66.35,up
long,1772708399999,1772709299999,92.65,92.278,0.736134,6.8203,10.0,-0.273842,0.054562,-0.328404,loss,stop_loss,14,trend_follow,93.146,92.278,0.62,68.52,up
short,1772724599999,1772725499999,89.07,88.998744,0.752817,6.7053,10.0,0.053643,0.053643,0.0,win,breakeven,15,retest,88.442,88.9987,0.785,28.12,neutral
short,1772727299999,1772728199999,88.22,88.149424,0.76007,6.7053,10.0,0.053643,0.053643,0.0,win,breakeven,15,breakout,87.5229,88.1494,0.8714,26.27,neutral
short,1772730899999,1772731799999,88.73,88.659016,0.539787,4.7895,10.0,0.038316,0.038316,-0.0,loss,breakeven,7,trend_follow,87.9786,88.659,0.9393,35.4,neutral
short,1772733599999,1772736299999,88.12,88.686143,0.760933,6.7053,10.0,-0.430797,0.053643,-0.484439,loss,stop_loss,10,trend_follow,87.3651,88.6861,0.9436,32.24,neutral
short,1772764199999,1772765099999,88.59,88.275143,0.526969,4.6684,10.0,0.16592,0.037347,0.128573,win,take_profit,8,engulfing,88.2751,88.5191,0.3936,42.86,neutral
short,1772772299999,1772773199999,88.04,87.969568,0.533912,4.7006,10.0,0.037604,0.037604,-0.0,loss,breakeven,7,trend_follow,87.6366,87.9696,0.5043,42.36,neutral
short,1772789399999,1772790299999,87.33,87.260136,0.753554,6.5808,10.0,0.052646,0.052646,-0.0,loss,breakeven,17,breakout,87.0054,87.2601,0.4057,40.53,down
short,1772798399999,1772799299999,87.26,86.952571,0.754158,6.5808,10.0,0.23185,0.052646,0.179204,win,take_profit,13,ema_pullback,86.9526,87.1902,0.3843,29.54,down
short,1772801099999,1772801999999,86.24,86.015179,0.770351,6.6435,10.0,0.173191,0.053148,0.120043,win,trailing_stop,17,breakout,85.8714,86.171,0.4607,27.92,down
short,1772805599999,1772806499999,85.59,85.159714,0.78111,6.6855,10.0,0.336101,0.053484,0.282616,win,take_profit,17,breakout,85.1597,85.5215,0.5379,23.69,down
short,1772813699999,1772815499999,84.42,84.875571,0.803653,6.7844,10.0,-0.366121,0.054276,-0.420397,loss,stop_loss,13,trend_follow,83.8126,84.8756,0.7593,29.03,down
short,1772819099999,1772819999999,83.87,84.256571,0.79138,6.6373,10.0,-0.305925,0.053098,-0.359023,loss,stop_loss,16,breakout,83.3546,84.2566,0.6443,29.52,down
short,1772856899999,1772857799999,84.11,84.258286,0.774182,6.5116,10.0,-0.1148,0.052093,-0.166893,loss,stop_loss,16,ema_pullback,83.9123,84.2583,0.2471,35.51,down
short,1772866799999,1772867699999,84.03,83.962776,0.767967,6.4532,10.0,0.051626,0.051626,-0.0,loss,breakeven,14,engulfing,83.8203,83.9628,0.2621,30.92,down
short,1772871299999,1772872199999,84.2,84.343143,0.547441,4.6094,10.0,-0.078362,0.036876,-0.115238,loss,stop_loss,9,ema_pullback,84.0091,84.3431,0.2386,44.17,down
short,1772888399999,1772889299999,84.3,84.429857,0.760723,6.4129,10.0,-0.098785,0.051303,-0.150088,loss,stop_loss,17,ema_pullback,84.1269,84.4299,0.2164,42.94,down
short,1772891099999,1772891999999,84.25,84.381571,0.754939,6.3604,10.0,-0.099328,0.050883,-0.150211,loss,stop_loss,13,ema_pullback,84.0746,84.3816,0.2193,36.7,down
short,1772892899999,1772893799999,83.86,83.792912,0.752181,6.3078,10.0,0.050462,0.050462,-0.0,loss,breakeven,16,breakout,83.6737,83.7929,0.2329,32.89,down
short,1772896499999,1772897399999,84.09,84.022728,0.750124,6.3078,10.0,0.050462,0.050462,0.0,win,breakeven,10,engulfing,83.8831,84.0227,0.2586,32.37,down
short,1772898299999,1772899199999,83.56,83.493152,0.754882,6.3078,10.0,0.050462,0.050462,-0.0,loss,breakeven,18,breakout,83.3434,83.4932,0.2707,28.27,down
short,1772906399999,1772907299999,83.61,83.387714,0.75443,6.3078,10.0,0.167699,0.050462,0.117237,win,take_profit,14,ema_pullback,83.3877,83.5431,0.2779,44.55,down
short,1772910899999,1772911799999,83.11,82.879143,0.763906,6.3488,10.0,0.176353,0.050791,0.125563,win,take_profit,17,trend_follow,82.8791,83.0435,0.2886,38.1,down
short,1772913599999,1772914499999,82.53,82.698429,0.7746,6.3928,10.0,-0.130465,0.051142,-0.181607,loss,stop_loss,18,breakout,82.3054,82.6984,0.2807,27.2,down
short,1772930699999,1772931599999,83.07,82.990357,0.761913,6.3292,10.0,0.060681,0.050634,0.010047,win,trailing_stop,11,ema_pullback,82.8769,83.0035,0.2414,51.8,down
short,1772938799999,1772939699999,82.39,82.324088,0.768628,6.3327,10.0,0.050662,0.050662,-0.0,loss,breakeven,17,breakout,82.1877,82.3241,0.2529,30.3,down
short,1772942399999,1772943299999,82.34,82.274128,0.769095,6.3327,10.0,0.050662,0.050662,-0.0,loss,breakeven,14,trend_follow,82.0743,82.2741,0.3321,30.77,down
short,1772945999999,1772946899999,81.97,82.158571,0.772566,6.3327,10.0,-0.145684,0.050662,-0.196346,loss,stop_loss,17,breakout,81.7186,82.1586,0.3143,29.6,down
short,1772957699999,1772958599999,82.76,82.59125,0.756888,6.264,10.0,0.127725,0.050112,0.077613,win,trailing_stop,10,engulfing,82.5,82.6938,0.325,59.39,down
long,1772962199999,1772963099999,83.34,83.162571,0.75488,6.2912,10.0,-0.133937,0.050329,-0.184267,loss,stop_loss,16,retest,83.5766,83.1626,0.2957,74.42,neutral
short,1772972099999,1772972999999,82.06,81.762857,0.758795,6.2267,10.0,0.225471,0.049813,0.175657,win,take_profit,15,breakout,81.7629,81.9944,0.3714,35.71,down
short,1772974799999,1772975699999,82.31,81.929429,0.76396,6.2882,10.0,0.290741,0.050305,0.240436,win,take_profit,13,ema_pullback,81.9294,82.2442,0.4757,37.59,down
long,1773002699999,1773003599999,82.69,82.467571,0.550447,4.5516,10.0,-0.122435,0.036413,-0.158848,loss,stop_loss,9,breakout,82.9866,82.4676,0.3707,65.47,neutral
short,1773004499999,1773005399999,81.83,82.068714,0.771931,6.3167,10.0,-0.184271,0.050534,-0.234805,loss,stop_loss,13,trend_follow,81.5117,82.0687,0.3979,53.85,down
long,1773020699999,1773021599999,82.7,82.234571,0.753873,6.2345,10.0,-0.350874,0.049876,-0.40075,loss,stop_loss,10,trend_follow,83.3206,82.2346,0.7757,70.92,neutral
long,1773026099999,1773026999999,84.25,84.3174,0.723355,6.0943,10.0,0.048754,0.048754,0.0,win,breakeven,13,breakout,84.7574,84.3174,0.6343,73.39,neutral
long,1773035099999,1773035999999,84.29,84.453393,0.723012,6.0943,10.0,0.118135,0.048754,0.069381,win,trailing_stop,13,momentum,84.7911,84.3574,0.6264,68.52,neutral
long,1773049499999,1773050399999,84.45,84.51756,0.724517,6.1185,10.0,0.048948,0.048948,0.0,win,breakeven,12,momentum,84.8231,84.5176,0.4664,57.01,neutral
long,1773062999999,1773063899999,85.01,85.346,0.719745,6.1185,10.0,0.241834,0.048948,0.192886,win,take_profit,15,breakout,85.346,85.078,0.42,66.0,neutral
long,1773067499999,1773068399999,85.62,85.269857,0.722502,6.1861,10.0,-0.252979,0.049488,-0.302467,loss,stop_loss,15,trend_follow,86.0869,85.2699,0.5836,70.02,neutral
long,1773084599999,1773085499999,86.87,86.939496,0.699919,6.0802,10.0,0.048642,0.048642,0.0,win,breakeven,16,breakout,87.3106,86.9395,0.5507,68.5,up
long,1773090899999,1773092699999,86.28,85.878857,0.704705,6.0802,10.0,-0.282687,0.048642,-0.331329,loss,stop_loss,14,ema_pullback,86.8149,85.8789,0.6686,64.99,up
long,1773110699999,1773111599999,86.66,86.79875,0.688233,5.9642,10.0,0.095492,0.047714,0.047779,win,trailing_stop,20,breakout,87.016,86.7293,0.445,61.63,up
long,1773130499999,1773131399999,87.08,87.149664,0.686834,5.981,10.0,0.047848,0.047848,0.0,win,breakeven,16,breakout,87.3926,87.1497,0.3907,68.64,up
long,1773134999999,1773135899999,87.27,87.339816,0.685339,5.981,10.0,0.047848,0.047848,0.0,win,breakeven,15,ema_pullback,87.6009,87.3398,0.4136,65.93,up
short,1773152099999,1773152999999,85.2,85.025714,0.70199,5.981,10.0,0.122347,0.047848,0.074499,win,trailing_stop,14,breakout,84.8297,85.1318,0.4629,27.96,neutral
long,1773154799999,1773155699999,88.1,88.573143,0.681842,6.007,10.0,0.322609,0.048056,0.274552,win,take_profit,15,breakout,88.5731,88.1705,0.5914,59.94,neutral
long,1773160199999,1773161099999,88.48,88.550784,0.689774,6.1031,10.0,0.048825,0.048825,0.0,win,breakeven,17,engulfing,89.1674,88.5508,0.8593,61.44,up
short,1773179099999,1773179999999,85.59,85.378571,0.713065,6.1031,10.0,0.150762,0.048825,0.101937,win,trailing_stop,10,breakout,85.1786,85.5215,0.5143,22.47,neutral
short,1773180899999,1773181799999,85.3,85.127679,0.719672,6.1388,10.0,0.124015,0.04911,0.074904,win,trailing_stop,13,breakout,84.9234,85.2318,0.4707,30.13,neutral
short,1773215099999,1773215999999,85.33,85.546,0.722491,6.165,10.0,-0.156058,0.04932,-0.205378,loss,stop_loss,14,breakout,85.042,85.546,0.36,44.05,neutral
short,1773223199999,1773224099999,84.88,85.078857,0.717853,6.0931,10.0,-0.14275,0.048745,-0.191495,loss,stop_loss,14,breakout,84.6149,85.0789,0.3314,27.46,neutral
short,1773229499999,1773230399999,84.6,84.484821,0.712306,6.0261,10.0,0.082042,0.048209,0.033834,win,trailing_stop,17,breakout,84.2966,84.5323,0.3793,36.64,neutral
short,1773237599999,1773238499999,85.98,85.911216,0.501608,4.3128,10.0,0.034503,0.034503,-0.0,loss,breakeven,9,engulfing,85.5343,85.9112,0.5571,61.86,down
long,1773239399999,1773240299999,86.64,86.89625,0.696901,6.038,10.0,0.178581,0.048304,0.130277,win,trailing_stop,15,ema_pullback,87.164,86.7093,0.655,69.25,up
long,1773250199999,1773251099999,87.66,87.730128,0.693994,6.0835,10.0,0.048668,0.048668,-0.0,loss,breakeven,19,breakout,88.2446,87.7301,0.7307,65.0,up
long,1773255599999,1773256499999,87.81,87.397714,0.692808,6.0835,10.0,-0.285635,0.048668,-0.334303,loss,stop_loss,12,engulfing,88.3597,87.3977,0.6871,70.91,up
short,1773303299999,1773304199999,85.57,85.734143,0.49805,4.2618,10.0,-0.081751,0.034095,-0.115846,loss,stop_loss,7,engulfing,85.3511,85.7341,0.2736,61.9,neutral
long,1773308699999,1773309599999,86.49,86.617143,0.685166,5.926,10.0,0.087114,0.047408,0.039706,win,trailing_stop,11,breakout,86.7551,86.5592,0.3314,74.11,neutral
long,1773311399999,1773312299999,86.66,87.006857,0.685425,5.9399,10.0,0.237745,0.047519,0.190225,win,take_profit,13,engulfing,87.0069,86.7293,0.4336,68.62,up
long,1773318599999,1773319499999,87.18,87.249744,0.688974,6.0065,10.0,0.048052,0.048052,0.0,win,breakeven,15,breakout,87.5371,87.2497,0.4464,68.83,up
long,1773324899999,1773325799999,87.24,87.622286,0.6885,6.0065,10.0,0.263204,0.048052,0.215152,win,take_profit,12,ema_pullback,87.6223,87.3098,0.4779,58.3,up
long,1773333899999,1773334799999,86.82,86.889456,0.700504,6.0818,10.0,0.048654,0.048654,0.0,win,breakeven,12,ema_pullback,87.4737,86.8895,0.8171,45.54,up
long,1773360899999,1773361799999,87.63,87.874,0.694029,6.0818,10.0,0.169343,0.048654,0.120689,win,take_profit,12,ema_pullback,87.874,87.7001,0.305,69.97,up
long,1773374399999,1773376199999,89.69,89.233143,0.682798,6.124,10.0,-0.311941,0.048992,-0.360933,loss,stop_loss,11,ema_pullback,90.2991,89.2331,0.7614,49.02,up
long,1773399599999,1773400499999,90.19,90.262152,0.665006,5.9977,10.0,0.047982,0.047982,0.0,win,breakeven,18,breakout,90.534,90.2622,0.43,76.14,up
short,1773440099999,1773440999999,88.2,87.936571,0.68001,5.9977,10.0,0.179134,0.047982,0.131153,win,take_profit,13,breakout,87.9366,88.1294,0.3293,27.47,neutral
short,1773469799999,1773470699999,87.56,87.349714,0.690223,6.0436,10.0,0.145144,0.048349,0.096795,win,take_profit,13,trend_follow,87.3497,87.49,0.2629,33.17,neutral
short,1773482399999,1773483299999,86.85,86.768929,0.699767,6.0775,10.0,0.056731,0.04862,0.008111,win,trailing_stop,11,breakout,86.6294,86.7805,0.2757,31.02,neutral
short,1773492299999,1773493199999,86.89,87.021143,0.699771,6.0803,10.0,-0.09177,0.048642,-0.140412,loss,stop_loss,10,trend_follow,86.7151,87.0211,0.2186,35.07,down
short,1773503099999,1773504899999,86.71,86.640632,0.695556,6.0312,10.0,0.048249,0.048249,-0.0,loss,breakeven,12,ema_pullback,86.5243,86.6406,0.2321,42.58,down
long,1773530099999,1773530999999,87.9,87.97032,0.68614,6.0312,10.0,0.048249,0.048249,-0.0,loss,breakeven,15,breakout,88.0366,87.9703,0.1707,77.56,neutral
long,1773540899999,1773541799999,88.18,88.250544,0.683961,6.0312,10.0,0.048249,0.048249,-0.0,loss,breakeven,17,ema_pullback,88.4097,88.2505,0.2871,70.2,up
long,1773542699999,1773543599999,88.31,88.572857,0.682954,6.0312,10.0,0.179519,0.048249,0.13127,win,take_profit,15,trend_follow,88.5729,88.3806,0.3286,64.14,up
long,1773552599999,1773553499999,88.34,88.579429,0.687923,6.0771,10.0,0.164708,0.048617,0.116092,win,take_profit,12,engulfing,88.5794,88.4107,0.2993,64.57,up
long,1773562499999,1773563399999,88.3,88.398214,0.692836,6.1177,10.0,0.068046,0.048942,0.019104,win,trailing_stop,10,ema_pullback,88.4977,88.3706,0.2471,52.29,up
long,1773565199999,1773566099999,88.5,88.686286,0.692026,6.1244,10.0,0.128915,0.048995,0.079919,win,take_profit,14,ema_pullback,88.6863,88.5708,0.2329,55.88,up
long,1773575999999,1773576899999,88.55,88.436,0.694794,6.1524,10.0,-0.079207,0.049219,-0.128426,loss,stop_loss,11,trend_follow,88.702,88.436,0.19,58.21,up
long,1773598499999,1773599399999,88.57,88.640856,0.689562,6.1075,10.0,0.04886,0.04886,0.0,win,breakeven,15,breakout,88.8186,88.6409,0.3107,68.82,up
long,1773607499999,1773608399999,88.82,88.891056,0.687621,6.1075,10.0,0.04886,0.04886,-0.0,loss,breakeven,16,breakout,89.0737,88.8911,0.3171,68.75,neutral
long,1773610199999,1773611099999,88.85,89.145429,0.687389,6.1075,10.0,0.203074,0.04886,0.154215,win,take_profit,11,engulfing,89.1454,88.9211,0.3693,57.89,up
long,1773624599999,1773626399999,91.95,92.02356,0.670085,6.1614,10.0,0.049291,0.049291,0.0,win,breakeven,12,trend_follow,92.6049,92.0236,0.8186,67.89,up
long,1773631799999,1773632699999,92.13,92.538571,0.668775,6.1614,10.0,0.273243,0.049291,0.223951,win,take_profit,12,ema_pullback,92.5386,92.2037,0.5107,47.58,up
long,1773664199999,1773665099999,94.04,94.115232,0.663527,6.2398,10.0,0.049918,0.049918,-0.0,loss,breakeven,13,breakout,94.3394,94.1152,0.3743,76.58,up
long,1773670499999,1773671399999,94.37,94.445496,0.661207,6.2398,10.0,0.049918,0.049918,0.0,win,breakeven,12,ema_pullback,94.7957,94.4455,0.5321,65.08,up
long,1773673199999,1773674099999,93.6,93.779643,0.666646,6.2398,10.0,0.119758,0.049918,0.06984,win,trailing_stop,11,engulfing,94.1451,93.6749,0.6814,50.2,up
long,1773674999999,1773675899999,94.08,94.155264,0.665843,6.2643,10.0,0.050114,0.050114,0.0,win,breakeven,14,ema_pullback,94.6931,94.1553,0.7664,53.18,up
long,1773684899999,1773685799999,94.61,94.929464,0.662113,6.2643,10.0,0.211522,0.050114,0.161408,win,trailing_stop,13,ema_pullback,95.1237,94.6857,0.6421,72.31,up
long,1773688499999,1773689399999,95.17,95.246136,0.664153,6.3207,10.0,0.050566,0.050566,0.0,win,breakeven,14,breakout,95.6289,95.2461,0.5736,68.62,up
long,1773697499999,1773698399999,96.41,96.690357,0.655611,6.3207,10.0,0.183805,0.050566,0.133239,win,trailing_stop,14,breakout,96.8889,96.4871,0.5986,77.44,up
long,1773699299999,1773700199999,97.28,96.900714,0.654542,6.3674,10.0,-0.248258,0.050939,-0.299197,loss,stop_loss,18,breakout,97.7857,96.9007,0.6321,78.6,up
long,1773706499999,1773707399999,96.74,96.323,0.647371,6.2627,10.0,-0.269954,0.050101,-0.320055,loss,stop_loss,16,ema_pullback,97.296,96.323,0.695,60.38,up
long,1773710099999,1773711899999,95.83,95.906664,0.458449,4.3933,10.0,0.035147,0.035147,-0.0,loss,breakeven,9,engulfing,96.4991,95.9067,0.8364,45.38,up
long,1773764999999,1773766799999,94.53,94.165286,0.650655,6.1506,10.0,-0.237303,0.049205,-0.286508,loss,stop_loss,12,trend_follow,95.0163,94.1653,0.6079,66.47,neutral
long,1773773099999,1773773999999,95.33,95.406264,0.634676,6.0504,10.0,0.048403,0.048403,-0.0,loss,breakeven,16,breakout,95.7746,95.4063,0.5557,78.78,up
long,1773788399999,1773789299999,95.33,95.406264,0.634676,6.0504,10.0,0.048403,0.048403,-0.0,loss,breakeven,10,ema_pullback,95.6523,95.4063,0.4029,53.43,up
long,1773804599999,1773805499999,95.36,95.556964,0.634476,6.0504,10.0,0.124969,0.048403,0.076566,win,trailing_stop,12,trend_follow,95.6577,95.4363,0.3721,63.31,up
long,1773810899999,1773811799999,94.34,94.106429,0.460126,4.3408,10.0,-0.107472,0.034727,-0.142199,loss,stop_loss,8,engulfing,94.6514,94.1064,0.3893,44.28,neutral
short,1773813599999,1773814499999,93.92,94.147143,0.458399,4.3053,10.0,-0.104122,0.034442,-0.138564,loss,stop_loss,8,trend_follow,93.6171,94.1471,0.3786,35.54,neutral
short,1773830699999,1773831599999,93.68,93.574107,0.638225,5.9789,10.0,0.067584,0.047831,0.019752,win,trailing_stop,11,trend_follow,93.4749,93.6051,0.2564,36.55,neutral
short,1773833399999,1773834299999,93.36,93.099429,0.641154,5.9858,10.0,0.167066,0.047886,0.11918,win,take_profit,12,breakout,93.0994,93.2853,0.3257,36.89,neutral
short,1773922499999,1773923399999,89.36,89.061714,0.674521,6.0275,10.0,0.2012,0.04822,0.15298,win,take_profit,14,ema_pullback,89.0617,89.2885,0.3729,48.96,down
short,1773925199999,1773926099999,88.11,87.814571,0.690167,6.0811,10.0,0.203895,0.048649,0.155247,win,take_profit,20,breakout,87.8146,88.0395,0.3693,27.22,down
short,1773929699999,1773930599999,88.05,87.650571,0.696809,6.1354,10.0,0.278325,0.049083,0.229242,win,take_profit,14,ema_pullback,87.6506,87.9796,0.4993,26.98,down
short,1773934199999,1773935099999,87.84,87.624286,0.707609,6.2156,10.0,0.152641,0.049725,0.102916,win,trailing_stop,13,ema_pullback,87.3463,87.7697,0.6171,32.88,down
short,1773936899999,1773937799999,87.37,87.174821,0.715538,6.2517,10.0,0.139658,0.050013,0.089644,win,trailing_stop,16,breakout,86.8106,87.3001,0.6993,35.91,down
short,1773940499999,1773941399999,87.23,87.160216,0.720283,6.283,10.0,0.050264,0.050264,-0.0,loss,breakeven,14,trend_follow,86.6974,87.1602,0.6657,33.59,down
long,1773985499999,1773986399999,89.45,89.52156,0.501719,4.4879,10.0,0.035903,0.035903,0.0,win,breakeven,8,trend_follow,89.75,89.5216,0.375,51.21,neutral
short,1773990899999,1773991799999,88.65,88.878,0.708746,6.283,10.0,-0.161594,0.050264,-0.211858,loss,stop_loss,12,breakout,88.346,88.878,0.38,38.39,neutral
long,1773992699999,1773994499999,89.49,89.816286,0.693807,6.2089,10.0,0.226379,0.049671,0.176708,win,take_profit,11,trend_follow,89.8163,89.5616,0.4079,47.49,neutral
short,1773998099999,1773998999999,89.34,89.009714,0.501354,4.4791,10.0,0.16559,0.035833,0.129757,win,take_profit,8,engulfing,89.0097,89.2685,0.4129,48.42,neutral
short,1774007099999,1774007999999,89.06,88.988752,0.709201,6.3161,10.0,0.050529,0.050529,-0.0,loss,breakeven,11,trend_follow,88.7206,88.9888,0.4243,32.83,neutral
short,1774016099999,1774016999999,88.64,88.569088,0.712562,6.3161,10.0,0.050529,0.050529,0.0,win,breakeven,14,ema_pullback,88.3051,88.5691,0.4186,36.13,down
short,1774028699999,1774029599999,88.29,88.219368,0.715386,6.3161,10.0,0.050529,0.050529,0.0,win,breakeven,14,ema_pullback,87.9094,88.2194,0.4757,41.78,down
long,1774042199999,1774043099999,89.79,89.938214,0.703435,6.3161,10.0,0.104259,0.050529,0.05373,win,trailing_stop,12,breakout,90.1157,89.8618,0.4071,65.0,neutral
long,1774061999999,1774062899999,90.47,90.542376,0.700227,6.335,10.0,0.05068,0.05068,0.0,win,trailing_stop,15,breakout,90.6637,90.5424,0.2421,70.8,neutral
long,1774078199999,1774079099999,90.38,90.247143,0.700924,6.335,10.0,-0.093123,0.05068,-0.143802,loss,stop_loss,13,ema_pullback,90.5571,90.2471,0.2214,48.21,up
long,1774086299999,1774087199999,90.3,90.37224,0.695971,6.2846,10.0,0.050277,0.050277,-0.0,loss,trailing_stop,13,ema_pullback,90.4406,90.3722,0.1757,56.79,up
long,1774102499999,1774103399999,90.34,90.412272,0.695663,6.2846,10.0,0.050277,0.050277,-0.0,loss,trailing_stop,10,engulfing,90.4623,90.4123,0.1529,65.77,neutral
short,1774105199999,1774106099999,89.67,89.585893,0.700861,6.2846,10.0,0.058947,0.050277,0.00867,win,trailing_stop,13,breakout,89.5231,89.5983,0.1836,40.38,neutral
short,1774110599999,1774112399999,89.67,89.598264,0.701199,6.2877,10.0,0.050301,0.050301,0.0,win,breakeven,10,trend_follow,89.4831,89.5983,0.2336,34.13,neutral
short,1774113299999,1774114199999,89.54,89.698143,0.702217,6.2877,10.0,-0.111051,0.050301,-0.161352,loss,stop_loss,11,trend_follow,89.3291,89.6981,0.2636,33.53,neutral
short,1774143899999,1774144799999,87.08,87.425857,0.71557,6.2312,10.0,-0.247485,0.049849,-0.297334,loss,stop_loss,15,engulfing,86.6189,87.4259,0.5764,19.1,down
short,1774171799999,1774172699999,87.22,87.396571,0.70249,6.1271,10.0,-0.12404,0.049017,-0.173057,loss,stop_loss,13,engulfing,86.9846,87.3966,0.2943,25.2,down
short,1774178999999,1774179899999,87.16,87.049821,0.696024,6.0665,10.0,0.076687,0.048532,0.028155,win,trailing_stop,12,ema_pullback,86.9046,87.0903,0.3193,37.95,down
short,1774205099999,1774205999999,86.83,86.760536,0.699804,6.0764,10.0,0.048611,0.048611,-0.0,loss,breakeven,19,breakout,86.6597,86.7605,0.2129,32.21,down
short,1774206899999,1774207799999,86.72,86.650624,0.700692,6.0764,10.0,0.048611,0.048611,0.0,win,breakeven,14,engulfing,86.5183,86.6506,0.2521,33.16,down
short,1774213199999,1774214099999,86.58,86.353143,0.701825,6.0764,10.0,0.159214,0.048611,0.110603,win,take_profit,15,ema_pullback,86.3531,86.5107,0.2836,31.56,down
short,1774217699999,1774218599999,85.81,85.741352,0.712634,6.1151,10.0,0.048921,0.048921,-0.0,loss,breakeven,14,ema_pullback,85.4534,85.7414,0.4457,31.65,down
short,1774223999999,1774224899999,86.2,86.13104,0.709409,6.1151,10.0,0.048921,0.048921,0.0,win,breakeven,13,ema_pullback,85.7589,86.131,0.5514,39.78,down
short,1774226699999,1774227599999,85.98,85.911216,0.711225,6.1151,10.0,0.048921,0.048921,-0.0,loss,breakeven,12,momentum,85.5063,85.9112,0.5921,51.63,down
short,1774231199999,1774232099999,86.09,86.397286,0.710316,6.1151,10.0,-0.21827,0.048921,-0.267191,loss,stop_loss,14,ema_pullback,85.6803,86.3973,0.5121,42.76,down
long,1774242899999,1774243799999,87.24,87.309792,0.690233,6.0216,10.0,0.048173,0.048173,0.0,win,breakeven,13,breakout,87.5194,87.3098,0.3493,69.62,neutral
long,1774245599999,1774246499999,87.19,86.984714,0.493306,4.3011,10.0,-0.101269,0.034409,-0.135678,loss,stop_loss,9,trend_follow,87.4637,86.9847,0.3421,58.76,neutral
short,1774248299999,1774249199999,85.68,85.524464,0.697258,5.9741,10.0,0.108449,0.047793,0.060656,win,trailing_stop,16,engulfing,85.4097,85.6115,0.3379,34.05,neutral
short,1774250999999,1774251899999,85.36,85.609,0.702359,5.9953,10.0,-0.174887,0.047963,-0.22285,loss,stop_loss,16,breakout,85.028,85.609,0.415,34.71,down
short,1774257299999,1774258199999,85.78,85.711376,0.689827,5.9173,10.0,0.047339,0.047339,-0.0,loss,breakeven,12,trend_follow,85.3651,85.7114,0.5186,36.19,down
long,1774268999999,1774269899999,89.65,90.181786,0.660049,5.9173,10.0,0.351005,0.047339,0.303666,win,trailing_stop,10,trend_follow,90.5083,89.7217,1.0729,70.29,neutral
long,1774273499999,1774274399999,90.94,91.012752,0.662373,6.0236,10.0,0.048189,0.048189,-0.0,loss,breakeven,13,momentum,91.8623,91.0128,1.1529,74.62,neutral
long,1774282499999,1774283399999,90.34,89.910143,0.666772,6.0236,10.0,-0.286617,0.048189,-0.334806,loss,stop_loss,10,ema_pullback,90.9131,89.9101,0.7164,50.33,up
long,1774285199999,1774286099999,90.35,90.42228,0.653729,5.9064,10.0,0.047252,0.047252,0.0,win,breakeven,12,ema_pullback,90.9231,90.4223,0.7164,51.57,up
long,1774287899999,1774288799999,90.95,91.278571,0.649416,5.9064,10.0,0.21338,0.047252,0.166128,win,trailing_stop,12,ema_pullback,91.4666,91.0228,0.6457,47.65,up
long,1774336499999,1774337399999,91.09,91.255536,0.654801,5.9646,10.0,0.108393,0.047717,0.060676,win,trailing_stop,14,breakout,91.3603,91.1629,0.3379,64.33,up
long,1774339199999,1774340099999,91.72,91.793376,0.652619,5.9858,10.0,0.047887,0.047887,-0.0,loss,breakeven,16,breakout,92.0091,91.7934,0.3614,69.13,up
long,1774344599999,1774345499999,91.55,91.903714,0.653831,5.9858,10.0,0.231269,0.047887,0.183383,win,take_profit,13,ema_pullback,91.9037,91.6232,0.4421,68.39,up
short,1774382399999,1774383299999,88.52,88.766857,0.683462,6.05,10.0,-0.168717,0.0484,-0.217117,loss,stop_loss,14,breakout,88.1909,88.7669,0.4114,27.72,neutral
long,1774399499999,1774400399999,91.47,91.543176,0.653112,5.974,10.0,0.047792,0.047792,0.0,win,breakeven,13,breakout,91.766,91.5432,0.37,75.52,up
long,1774411199999,1774412099999,91.69,91.831429,0.651545,5.974,10.0,0.092147,0.047792,0.044355,win,trailing_stop,16,breakout,91.9734,91.7634,0.3543,59.59,up
long,1774415699999,1774416599999,92.59,92.374857,0.646888,5.9895,10.0,-0.139173,0.047916,-0.18709,loss,stop_loss,18,retest,92.8769,92.3749,0.3586,69.91,up
long,1774420199999,1774421999999,92.82,92.586857,0.638231,5.9241,10.0,-0.148799,0.047392,-0.196191,loss,stop_loss,15,engulfing,93.1309,92.5869,0.3886,77.89,up
long,1774427399999,1774428299999,92.18,92.481714,0.635213,5.8554,10.0,0.191653,0.046843,0.14481,win,take_profit,13,trend_follow,92.4817,92.2537,0.3771,52.19,up
long,1774438199999,1774439099999,93.03,93.303143,0.634857,5.9061,10.0,0.173407,0.047249,0.126158,win,take_profit,16,breakout,93.3031,93.1044,0.3414,76.52,up
short,1774451699999,1774452599999,91.48,91.074857,0.65044,5.9502,10.0,0.263521,0.047602,0.215919,win,take_profit,13,retest,91.0749,91.4068,0.5064,23.72,neutral
short,1774469699999,1774471499999,91.19,91.117048,0.660796,6.0258,10.0,0.048206,0.048206,0.0,win,breakeven,10,engulfing,90.9037,91.117,0.3579,22.75,neutral
short,1774492199999,1774493099999,91.23,91.008857,0.660506,6.0258,10.0,0.146066,0.048206,0.09786,win,take_profit,10,trend_follow,91.0089,91.157,0.2764,36.02,neutral
short,1774495799999,1774496699999,90.69,90.876429,0.477297,4.3286,10.0,-0.088982,0.034629,-0.123611,loss,stop_loss,9,engulfing,90.4414,90.8764,0.3107,27.95,neutral
short,1774502099999,1774502999999,90.01,89.934821,0.668458,6.0168,10.0,0.050254,0.048134,0.002119,win,trailing_stop,14,breakout,89.7706,89.938,0.2993,23.08,neutral
short,1774503899999,1774504799999,89.63,89.352286,0.671374,6.0175,10.0,0.18645,0.04814,0.13831,win,take_profit,13,breakout,89.3523,89.5583,0.3471,21.56,neutral
short,1774521899999,1774523699999,87.83,87.690893,0.690645,6.0659,10.0,0.096074,0.048527,0.047546,win,trailing_stop,13,engulfing,87.5391,87.7597,0.3636,25.37,down
short,1774524599999,1774527299999,87.62,87.505,0.6942,6.0826,10.0,0.079833,0.048661,0.031172,win,trailing_stop,15,breakout,87.316,87.5499,0.38,20.87,down
short,1774535399999,1774536299999,87.61,87.811,0.695524,6.0935,10.0,-0.1398,0.048748,-0.188548,loss,stop_loss,14,ema_pullback,87.342,87.811,0.335,38.3,down
short,1774538099999,1774538999999,86.97,86.817143,0.693055,6.0275,10.0,0.105938,0.04822,0.057718,win,trailing_stop,17,breakout,86.6911,86.9004,0.3486,31.11,down
short,1774547999999,1774548899999,86.63,86.489464,0.698107,6.0477,10.0,0.098109,0.048382,0.049727,win,trailing_stop,18,breakout,86.3117,86.5607,0.3979,32.75,down
short,1774549799999,1774550699999,85.88,85.811296,0.70623,6.0651,10.0,0.048521,0.048521,-0.0,loss,breakeven,18,breakout,85.5463,85.8113,0.4171,25.73,down
short,1774568699999,1774570499999,86.38,86.654286,0.702142,6.0651,10.0,-0.192588,0.048521,-0.241108,loss,stop_loss,15,trend_follow,86.0143,86.6543,0.4571,45.02,down
short,1774584899999,1774585799999,85.79,85.946,0.697134,5.9807,10.0,-0.108753,0.047846,-0.156599,loss,stop_loss,17,breakout,85.582,85.946,0.26,35.89,down
short,1774597499999,1774599299999,85.89,85.821288,0.689941,5.9259,10.0,0.047407,0.047407,0.0,win,breakeven,10,ema_pullback,85.6163,85.8213,0.3421,52.25,down
short,1774600199999,1774601099999,85.76,85.494286,0.690987,5.9259,10.0,0.183605,0.047407,0.136198,win,take_profit,12,ema_pullback,85.4943,85.6914,0.3321,40.0,down
short,1774613699999,1774614599999,83.26,83.193392,0.71746,5.9736,10.0,0.047789,0.047789,0.0,win,breakeven,13,trend_follow,82.7549,83.1934,0.6314,31.2,down
short,1774616399999,1774617299999,83.1,83.03352,0.718842,5.9736,10.0,0.047789,0.047789,-0.0,loss,breakeven,15,engulfing,82.7131,83.0335,0.4836,20.51,down
short,1774621799999,1774622699999,82.66,82.936857,0.722668,5.9736,10.0,-0.200076,0.047789,-0.247864,loss,stop_loss,14,engulfing,82.2909,82.9369,0.4614,43.57,down
short,1774628099999,1774628999999,82.95,82.804464,0.709683,5.8868,10.0,0.103284,0.047095,0.05619,win,trailing_stop,13,ema_pullback,82.5517,82.8836,0.4979,45.19,down
short,1774633499999,1774634399999,82.36,82.210179,0.717155,5.9065,10.0,0.107445,0.047252,0.060193,win,trailing_stop,15,breakout,81.9754,82.2941,0.4807,37.87,down
short,1774643399999,1774644299999,82.57,82.503944,0.717882,5.9276,10.0,0.04742,0.04742,0.0,win,breakeven,13,ema_pullback,82.2597,82.5039,0.3879,40.25,down
short,1774693799999,1774694699999,82.78,82.713776,0.716061,5.9276,10.0,0.04742,0.04742,0.0,win,breakeven,10,engulfing,82.616,82.7138,0.205,37.65,down
long,1774708199999,1774709099999,83.24,83.492,0.508646,4.234,10.0,0.128179,0.033872,0.094307,win,take_profit,6,trend_follow,83.492,83.3066,0.315,55.4,neutral
long,1774710899999,1774711799999,83.43,83.724857,0.510313,4.2575,10.0,0.15047,0.03406,0.116409,win,take_profit,9,trend_follow,83.7249,83.4967,0.3686,58.56,neutral
short,1774733399999,1774734299999,82.99,82.827143,0.723136,6.0013,10.0,0.117768,0.04801,0.069757,win,take_profit,12,breakout,82.8271,82.9236,0.2036,41.36,neutral
short,1774736099999,1774736999999,82.47,82.623429,0.730656,6.0257,10.0,-0.112104,0.048206,-0.160309,loss,stop_loss,19,retest,82.2654,82.6234,0.2557,24.26,down
short,1774739699999,1774740599999,82.0,81.788571,0.728002,5.9696,10.0,0.15392,0.047757,0.106163,win,take_profit,17,breakout,81.7886,81.9344,0.2643,29.58,down
short,1774766699999,1774767599999,82.34,82.473714,0.729508,6.0068,10.0,-0.097546,0.048054,-0.1456,loss,stop_loss,13,trend_follow,82.1617,82.4737,0.2229,36.49,down
short,1774777499999,1774779299999,82.26,82.194192,0.724023,5.9558,10.0,0.047646,0.047646,0.0,win,breakeven,16,ema_pullback,82.0891,82.1942,0.2136,31.25,down
short,1774780199999,1774781099999,82.14,82.030357,0.72508,5.9558,10.0,0.0795,0.047646,0.031853,win,trailing_stop,19,breakout,81.9789,82.0743,0.2014,32.69,down
short,1774790099999,1774790999999,81.91,81.844472,0.728478,5.967,10.0,0.047736,0.047736,0.0,win,breakeven,15,breakout,81.7169,81.8445,0.2414,41.94,down
short,1774798199999,1774799099999,81.59,81.524728,0.731335,5.967,10.0,0.047736,0.047736,-0.0,loss,breakeven,15,breakout,81.3334,81.5247,0.3207,29.29,down
short,1774805399999,1774806299999,81.27,81.204984,0.734214,5.967,10.0,0.047736,0.047736,-0.0,loss,breakeven,17,breakout,81.0089,81.205,0.3264,35.29,down
long,1774838699999,1774839599999,83.09,83.554,0.718132,5.967,10.0,0.333213,0.047736,0.285478,win,take_profit,13,breakout,83.554,83.1565,0.58,76.57,neutral
long,1774841399999,1774843199999,83.38,83.446704,0.727618,6.0669,10.0,0.048535,0.048535,0.0,win,breakeven,11,engulfing,83.8703,83.4467,0.6129,73.32,neutral
long,1774847699999,1774848599999,84.05,84.11724,0.721818,6.0669,10.0,0.048535,0.048535,-0.0,loss,breakeven,14,breakout,84.3951,84.1172,0.4314,75.9,neutral
long,1774857599999,1774858499999,84.02,84.253714,0.722075,6.0669,10.0,0.168759,0.048535,0.120224,win,take_profit,11,momentum,84.2537,84.0872,0.2921,62.36,neutral
long,1774860299999,1774861199999,84.59,84.657672,0.722184,6.109,10.0,0.048872,0.048872,0.0,win,breakeven,13,breakout,84.8414,84.6577,0.3143,64.36,neutral
long,1774876499999,1774877399999,84.67,84.903143,0.721502,6.109,10.0,0.168213,0.048872,0.119341,win,take_profit,10,trend_follow,84.9031,84.7377,0.2914,63.19,up
long,1774880099999,1774880999999,84.49,84.260714,0.727983,6.1507,10.0,-0.166916,0.049206,-0.216122,loss,stop_loss,10,engulfing,84.7957,84.2607,0.3821,65.35,up
long,1774882799999,1774883699999,84.39,84.457512,0.514201,4.3393,10.0,0.034715,0.034715,-0.0,loss,breakeven,9,engulfing,84.7449,84.4575,0.4436,54.05,up
short,1774897199999,1774898099999,82.69,82.354571,0.734682,6.0751,10.0,0.246433,0.048601,0.197833,win,take_profit,12,engulfing,82.3546,82.6238,0.4193,27.81,neutral
short,1774912499999,1774914299999,82.34,82.541857,0.746214,6.1443,10.0,-0.150629,0.049155,-0.199783,loss,stop_loss,14,ema_pullback,82.0709,82.5419,0.3364,53.2,down
short,1774942199999,1774943099999,82.88,83.093,0.523511,4.3389,10.0,-0.111508,0.034711,-0.146219,loss,stop_loss,8,breakout,82.596,83.093,0.355,37.59,neutral
short,1774946699999,1774947599999,82.45,82.33,0.73053,6.0232,10.0,0.087664,0.048186,0.039478,win,trailing_stop,14,ema_pullback,82.162,82.384,0.36,42.31,down
short,1774949399999,1774950299999,81.82,81.754544,0.737844,6.037,10.0,0.048296,0.048296,-0.0,loss,breakeven,19,retest,81.5086,81.7545,0.3893,19.63,down
short,1774959299999,1774960199999,80.45,80.783429,0.750409,6.037,10.0,-0.250208,0.048296,-0.298504,loss,stop_loss,14,engulfing,80.0054,80.7834,0.5557,19.51,down
short,1774969199999,1774970099999,80.63,80.951,0.735776,5.9326,10.0,-0.236184,0.047461,-0.283645,loss,stop_loss,15,ema_pullback,80.202,80.951,0.535,49.68,down
short,1774972799999,1774973699999,80.86,81.239714,0.721406,5.8333,10.0,-0.273928,0.046666,-0.320594,loss,stop_loss,12,ema_pullback,80.3537,81.2397,0.6329,49.91,down
long,1774977299999,1774978199999,83.17,83.236536,0.687878,5.7211,10.0,0.045769,0.045769,-0.0,loss,breakeven,11,breakout,83.7746,83.2365,0.7557,63.92,neutral
long,1774988099999,1774989899999,83.26,82.912857,0.687134,5.7211,10.0,-0.238534,0.045769,-0.284302,loss,stop_loss,11,trend_follow,83.7229,82.9129,0.5786,63.64,neutral
long,1775005199999,1775006099999,83.4,83.46672,0.67405,5.6216,10.0,0.044973,0.044973,0.0,win,breakeven,10,trend_follow,83.6503,83.4667,0.3129,68.38,neutral
long,1775021399999,1775022299999,84.02,84.087216,0.669076,5.6216,10.0,0.044973,0.044973,0.0,win,breakeven,12,breakout,84.2869,84.0872,0.3336,75.1,up
long,1775047499999,1775048399999,83.56,83.66125,0.672759,5.6216,10.0,0.068117,0.044973,0.023144,win,trailing_stop,12,trend_follow,83.78,83.6268,0.275,52.56,neutral
short,1775051099999,1775051999999,82.76,82.482286,0.680241,5.6297,10.0,0.188913,0.045037,0.143875,win,take_profit,12,engulfing,82.4823,82.6938,0.3471,38.94,neutral
short,1775054699999,1775055599999,83.05,83.310143,0.683929,5.68,10.0,-0.177919,0.04544,-0.223359,loss,stop_loss,10,ema_pullback,82.7031,83.3101,0.4336,42.07,down
long,1775060999999,1775061899999,84.37,84.777429,0.663963,5.6019,10.0,0.270517,0.044815,0.225703,win,take_profit,11,breakout,84.7774,84.4375,0.5093,66.26,up
short,1775079899999,1775080799999,82.22,81.818286,0.690933,5.6809,10.0,0.277558,0.045447,0.232111,win,take_profit,12,breakout,81.8183,82.1542,0.5021,27.05,neutral
short,1775081699999,1775082599999,81.37,80.925429,0.708134,5.7621,10.0,0.314816,0.046097,0.26872,win,take_profit,19,retest,80.9254,81.3049,0.5557,19.56,down
short,1775092499999,1775093399999,80.86,80.490857,0.724232,5.8561,10.0,0.267345,0.046849,0.220496,win,take_profit,15,momentum,80.4909,80.7953,0.4614,29.88,down
short,1775094299999,1775095199999,79.17,79.106664,0.74944,5.9333,10.0,0.047467,0.047467,0.0,win,breakeven,18,retest,78.7294,79.1067,0.5507,23.93,down
short,1775096099999,1775096999999,78.68,78.617056,0.754107,5.9333,10.0,0.047467,0.047467,0.0,win,breakeven,17,breakout,78.2469,78.6171,0.5414,25.54,down
short,1775101499999,1775102399999,78.94,78.876848,0.751623,5.9333,10.0,0.047467,0.047467,0.0,win,breakeven,11,trend_follow,78.4263,78.8768,0.6421,29.05,down
long,1775202299999,1775203199999,79.89,79.953912,0.742686,5.9333,10.0,0.047467,0.047467,0.0,win,breakeven,12,breakout,80.1009,79.9539,0.2636,62.37,neutral
long,1775207699999,1775208599999,80.06,80.140893,0.741109,5.9333,10.0,0.05995,0.047467,0.012484,win,trailing_stop,11,trend_follow,80.2811,80.124,0.2764,64.17,neutral
long,1775209499999,1775211299999,80.05,79.870857,0.529819,4.2412,10.0,-0.094913,0.03393,-0.128843,loss,stop_loss,9,trend_follow,80.2889,79.8709,0.2986,66.2,neutral
long,1775217599999,1775218499999,80.18,80.244144,0.524943,4.209,10.0,0.033672,0.033672,-0.0,loss,breakeven,8,trend_follow,80.4177,80.2441,0.2971,61.49,neutral
short,1775221199999,1775222099999,79.34,79.276528,0.742701,5.8926,10.0,0.047141,0.047141,0.0,win,breakeven,12,breakout,79.0531,79.2765,0.3586,38.86,neutral
long,1775225699999,1775226599999,79.85,79.960179,0.737957,5.8926,10.0,0.081307,0.047141,0.034166,win,trailing_stop,12,trend_follow,80.1374,79.9139,0.3593,50.0,neutral
long,1775228399999,1775229299999,80.25,80.545429,0.735769,5.9045,10.0,0.217367,0.047236,0.170131,win,take_profit,12,engulfing,80.5454,80.3142,0.3693,53.7,neutral
short,1775312999999,1775313899999,80.0,79.896,0.745512,5.9641,10.0,0.077533,0.047713,0.02982,win,take_profit,11,trend_follow,79.896,79.936,0.13,29.31,neutral
long,1775318399999,1775319299999,81.1,81.175893,0.736687,5.9745,10.0,0.055909,0.047796,0.008113,win,trailing_stop,13,trend_follow,81.3371,81.1649,0.2964,66.79,up
long,1775320199999,1775321099999,81.24,81.304992,0.735767,5.9774,10.0,0.047819,0.047819,0.0,win,breakeven,13,trend_follow,81.5017,81.305,0.3271,69.66,up
long,1775330099999,1775330999999,81.2,81.26496,0.736129,5.9774,10.0,0.047819,0.047819,-0.0,loss,breakeven,12,ema_pullback,81.4057,81.265,0.2571,56.89,up
long,1775338199999,1775339099999,80.97,80.844429,0.73822,5.9774,10.0,-0.092699,0.047819,-0.140518,loss,stop_loss,12,ema_pullback,81.1374,80.8444,0.2093,51.54,up
short,1775365199999,1775366099999,80.33,80.403714,0.737979,5.9282,10.0,-0.0544,0.047426,-0.101825,loss,stop_loss,13,breakout,80.2317,80.4037,0.1229,30.59,neutral
short,1775372399999,1775373299999,79.59,79.719429,0.740363,5.8925,10.0,-0.095824,0.04714,-0.142965,loss,stop_loss,13,engulfing,79.4174,79.7194,0.2157,19.08,down
short,1775393099999,1775393999999,79.0,78.862857,0.739559,5.8425,10.0,0.101425,0.04674,0.054685,win,take_profit,18,breakout,78.8629,78.9368,0.1714,28.3,down
short,1775394899999,1775395799999,78.91,78.748857,0.742828,5.8617,10.0,0.119701,0.046893,0.072808,win,take_profit,17,breakout,78.7489,78.8469,0.2014,19.08,down
long,1775414699999,1775417399999,80.05,80.148929,0.735432,5.8871,10.0,0.072755,0.047097,0.025658,win,trailing_stop,10,momentum,80.3094,80.114,0.3243,68.72,neutral
long,1775422799999,1775423699999,80.16,80.023286,0.735543,5.8961,10.0,-0.100559,0.047169,-0.147728,loss,stop_loss,13,trend_follow,80.3423,80.0233,0.2279,64.97,neutral
long,1775429099999,1775429999999,80.2,80.452571,0.728729,5.8444,10.0,0.184056,0.046755,0.137301,win,take_profit,10,engulfing,80.4526,80.2642,0.3157,54.37,neutral
long,1775430899999,1775431799999,81.12,81.425143,0.726389,5.8925,10.0,0.221652,0.04714,0.174513,win,take_profit,15,retest,81.4251,81.1849,0.3814,73.05,neutral
long,1775434499999,1775435399999,82.27,82.460357,0.723659,5.9535,10.0,0.137754,0.047628,0.090125,win,trailing_stop,18,breakout,82.6529,82.3358,0.4786,79.28,up
long,1775458799999,1775460599999,81.5,81.741143,0.524548,4.2751,10.0,0.126491,0.034201,0.09229,win,take_profit,9,engulfing,81.7411,81.5652,0.3014,35.6,up
long,1775466899999,1775467799999,82.43,82.714571,0.73,6.0174,10.0,0.207737,0.048139,0.159598,win,take_profit,13,ema_pullback,82.7146,82.4959,0.3557,59.16,up
short,1775495699999,1775496599999,81.29,81.224968,0.747109,6.0732,10.0,0.048586,0.048586,0.0,win,breakeven,19,retest,80.9511,81.225,0.4236,27.54,neutral
short,1775515499999,1775516399999,80.8,80.618286,0.75164,6.0732,10.0,0.136584,0.048586,0.087998,win,take_profit,16,breakout,80.6183,80.7354,0.2271,24.14,neutral
short,1775527199999,1775528999999,79.53,79.768286,0.767515,6.104,10.0,-0.182888,0.048832,-0.23172,loss,stop_loss,14,breakout,79.2123,79.7683,0.3971,23.08,neutral
short,1775540699999,1775541599999,79.53,79.466376,0.757318,6.0229,10.0,0.048184,0.048184,0.0,win,breakeven,14,ema_pullback,79.3711,79.4664,0.1986,47.9,down
short,1775561399999,1775562299999,79.29,79.200893,0.75961,6.0229,10.0,0.067687,0.048184,0.019503,win,trailing_stop,14,engulfing,79.0311,79.2266,0.3236,35.35,down
short,1775571299999,1775572199999,78.56,78.778143,0.767537,6.0298,10.0,-0.167433,0.048238,-0.215671,loss,stop_loss,16,breakout,78.2691,78.7781,0.3636,21.18,down
short,1775573999999,1775574899999,78.59,78.477857,0.757639,5.9543,10.0,0.084964,0.047634,0.03733,win,trailing_stop,14,ema_pullback,78.2769,78.5271,0.3914,33.49,down
long,1775588399999,1775589299999,79.94,80.268571,0.533199,4.2624,10.0,0.175194,0.034099,0.141095,win,take_profit,8,trend_follow,80.2686,80.004,0.4107,70.33,neutral
short,1775687399999,1775688299999,82.71,82.643832,0.72745,6.0167,10.0,0.048134,0.048134,0.0,win,breakeven,12,trend_follow,82.4849,82.6438,0.2814,44.91,neutral
short,1775690999999,1775691899999,82.51,82.443992,0.729213,6.0167,10.0,0.048134,0.048134,-0.0,loss,breakeven,10,breakout,82.2574,82.444,0.3157,36.07,neutral
short,1775695499999,1775696399999,82.17,82.104264,0.73223,6.0167,10.0,0.048134,0.048134,0.0,win,breakeven,12,breakout,81.894,82.1043,0.345,23.63,neutral
short,1775697299999,1775698199999,81.97,81.867321,0.734017,6.0167,10.0,0.075368,0.048134,0.027234,win,trailing_stop,11,breakout,81.6906,81.9044,0.3493,22.18,neutral
short,1775704499999,1775705399999,82.0,81.9344,0.524936,4.3045,10.0,0.034436,0.034436,0.0,win,breakeven,9,trend_follow,81.7446,81.9344,0.3193,34.29,neutral
short,1775742299999,1775743199999,81.98,81.787429,0.73509,6.0263,10.0,0.141557,0.04821,0.093347,win,take_profit,10,ema_pullback,81.7874,81.9144,0.2407,34.31,down
short,1775744999999,1775745899999,81.58,81.514736,0.742699,6.0589,10.0,0.048472,0.048472,-0.0,loss,breakeven,14,engulfing,81.3429,81.5147,0.2964,19.88,down
long,1775753999999,1775754899999,83.68,84.121143,0.724061,6.0589,10.0,0.319414,0.048472,0.270943,win,take_profit,12,ema_pullback,84.1211,83.7469,0.5514,67.0,up
long,1775756699999,1775757599999,84.42,84.487536,0.728947,6.1538,10.0,0.04923,0.04923,0.0,win,breakeven,17,breakout,84.8954,84.4875,0.5943,78.98,up
long,1775763899999,1775764799999,84.02,84.166964,0.732417,6.1538,10.0,0.107639,0.04923,0.058409,win,trailing_stop,12,ema_pullback,84.4777,84.0872,0.5721,53.74,up
long,1775772899999,1775773799999,84.68,85.012,0.729123,6.1742,10.0,0.242069,0.049394,0.192675,win,take_profit,14,ema_pullback,85.012,84.7477,0.415,70.82,up
long,1775818799999,1775819699999,83.31,83.480857,0.749208,6.2416,10.0,0.128007,0.049933,0.078074,win,take_profit,10,ema_pullback,83.4809,83.3766,0.2136,54.11,up
long,1775824199999,1775825099999,83.69,83.878,0.749071,6.269,10.0,0.140825,0.050152,0.090674,win,take_profit,11,ema_pullback,83.878,83.757,0.235,71.75,up
long,1775829599999,1775830499999,84.27,84.547143,0.747681,6.3007,10.0,0.207215,0.050406,0.156809,win,take_profit,13,ema_pullback,84.5471,84.3374,0.3464,74.88,up
long,1775831399999,1775832299999,84.91,85.226571,0.74851,6.3556,10.0,0.236957,0.050845,0.186112,win,take_profit,20,retest,85.2266,84.9779,0.3957,81.5,up
short,1775904299999,1775905199999,84.08,83.997679,0.763646,6.4207,10.0,0.062864,0.051366,0.011499,win,trailing_stop,10,engulfing,83.9274,84.0127,0.1907,48.28,neutral
short,1775913299999,1775914199999,83.99,84.119429,0.764943,6.4248,10.0,-0.099006,0.051398,-0.150404,loss,stop_loss,12,trend_follow,83.8174,84.1194,0.2157,34.0,neutral
long,1775916899999,1775917799999,84.28,84.363036,0.756065,6.3721,10.0,0.06278,0.050977,0.011803,win,trailing_stop,11,engulfing,84.4623,84.3474,0.2279,57.25,neutral
long,1775919599999,1775920499999,84.38,84.447504,0.755659,6.3762,10.0,0.05101,0.05101,-0.0,loss,breakeven,12,engulfing,84.5657,84.4475,0.2321,61.43,neutral
long,1775921399999,1775922299999,84.72,84.822857,0.752626,6.3762,10.0,0.077413,0.05101,0.026403,win,trailing_stop,13,momentum,84.9029,84.7878,0.2286,65.38,neutral
long,1775923199999,1775924099999,84.66,84.735,0.754251,6.3855,10.0,0.056569,0.051084,0.005485,win,trailing_stop,11,trend_follow,84.868,84.7277,0.26,63.53,neutral
long,1775932199999,1775933099999,84.96,85.177143,0.751814,6.3874,10.0,0.163251,0.051099,0.112152,win,take_profit,14,ema_pullback,85.1771,85.028,0.2714,64.36,up
long,1775936699999,1775937599999,86.09,85.889429,0.746505,6.4267,10.0,-0.149728,0.051413,-0.201141,loss,stop_loss,19,breakout,86.3574,85.8894,0.3343,76.71,up
short,1775991599999,1775992499999,82.04,81.933714,0.774776,6.3563,10.0,0.082348,0.05085,0.031498,win,take_profit,15,breakout,81.9337,81.9744,0.1329,34.78,down
short,1775998799999,1775999699999,82.02,81.93375,0.776309,6.3673,10.0,0.066957,0.050938,0.016018,win,trailing_stop,17,trend_follow,81.88,81.9544,0.175,43.54,down
short,1776005099999,1776005999999,81.39,81.324888,0.783007,6.3729,10.0,0.050983,0.050983,-0.0,loss,breakeven,18,breakout,81.2026,81.3249,0.2343,25.86,down
short,1776007799999,1776008699999,81.43,81.340536,0.782622,6.3729,10.0,0.070017,0.050983,0.019034,win,trailing_stop,13,trend_follow,81.2043,81.3649,0.2821,32.9,down
long,1776030299999,1776031199999,82.75,82.8162,0.550674,4.5568,10.0,0.036455,0.036455,-0.0,loss,breakeven,9,trend_follow,82.9563,82.8162,0.2579,68.15,neutral
short,1776032999999,1776033899999,81.54,81.44875,0.782383,6.3796,10.0,0.071392,0.051036,0.020356,win,trailing_stop,13,breakout,81.288,81.4748,0.315,39.11,neutral
short,1776035699999,1776036599999,81.5,81.370357,0.783642,6.3867,10.0,0.101594,0.051093,0.0505,win,trailing_stop,16,ema_pullback,81.1789,81.4348,0.4014,41.09,down
